-- MySQL dump 10.13  Distrib 8.0.25, for Win64 (x86_64)
--
-- Host: localhost    Database: finalyearproject
-- ------------------------------------------------------
-- Server version	8.0.25

/*!40101 SET @OLD_CHARACTER_SET_CLIENT=@@CHARACTER_SET_CLIENT */;
/*!40101 SET @OLD_CHARACTER_SET_RESULTS=@@CHARACTER_SET_RESULTS */;
/*!40101 SET @OLD_COLLATION_CONNECTION=@@COLLATION_CONNECTION */;
/*!50503 SET NAMES utf8 */;
/*!40103 SET @OLD_TIME_ZONE=@@TIME_ZONE */;
/*!40103 SET TIME_ZONE='+00:00' */;
/*!40014 SET @OLD_UNIQUE_CHECKS=@@UNIQUE_CHECKS, UNIQUE_CHECKS=0 */;
/*!40014 SET @OLD_FOREIGN_KEY_CHECKS=@@FOREIGN_KEY_CHECKS, FOREIGN_KEY_CHECKS=0 */;
/*!40101 SET @OLD_SQL_MODE=@@SQL_MODE, SQL_MODE='NO_AUTO_VALUE_ON_ZERO' */;
/*!40111 SET @OLD_SQL_NOTES=@@SQL_NOTES, SQL_NOTES=0 */;

--
-- Table structure for table `account_status`
--

DROP TABLE IF EXISTS `account_status`;
/*!40101 SET @saved_cs_client     = @@character_set_client */;
/*!50503 SET character_set_client = utf8mb4 */;
CREATE TABLE `account_status` (
  `account_status_id` int NOT NULL AUTO_INCREMENT,
  `project_id` varchar(20) NOT NULL,
  `doc_refer` text NOT NULL,
  `created_at` timestamp NULL DEFAULT CURRENT_TIMESTAMP,
  `account_status_description` varchar(255) DEFAULT NULL,
  `amount` decimal(15,2) NOT NULL,
  `account_status_date` date DEFAULT NULL,
  `account_status_payment_refer` int DEFAULT NULL,
  PRIMARY KEY (`account_status_id`),
  KEY `project_id` (`project_id`),
  KEY `fk_account_status_payment_refer` (`account_status_payment_refer`),
  CONSTRAINT `account_status_ibfk_1` FOREIGN KEY (`project_id`) REFERENCES `project` (`project_id`),
  CONSTRAINT `fk_account_status_payment_refer` FOREIGN KEY (`account_status_payment_refer`) REFERENCES `project_order` (`project_order_id`)
) ENGINE=InnoDB AUTO_INCREMENT=45 DEFAULT CHARSET=utf8mb4 COLLATE=utf8mb4_0900_ai_ci;
/*!40101 SET character_set_client = @saved_cs_client */;

--
-- Dumping data for table `account_status`
--

LOCK TABLES `account_status` WRITE;
/*!40000 ALTER TABLE `account_status` DISABLE KEYS */;
INSERT INTO `account_status` VALUES (26,'SPU001028','[\"files-1712804766654-9755201.png\"]','2024-04-11 03:06:06','payment for BEM hardware company',60.00,'2024-04-12',48),(27,'SPU001028','[\"files-1712804999946-362446573.png\"]','2024-04-11 03:10:00','purchase of material',60.00,'2024-04-11',49),(37,'SPU001028','[\"files-1712806538482-423913194.png\"]','2024-04-11 03:35:38','deposit 50%',65.00,'2024-04-11',NULL),(40,'SPU001028','[\"files-1712818789716-446651697.png\"]','2024-04-11 06:59:49','deposit 50%',65.00,'2024-04-13',NULL),(41,'SPU001029','[\"files-1712990230202-231443495.png\"]','2024-04-13 06:37:10','deposit RM500',500.00,'2024-04-13',NULL),(42,'SPU001029','[\"files-1712990337059-904081662.png\"]','2024-04-13 06:38:57','payment for ABC company',550.00,'2024-04-13',NULL),(43,'SPU001031','[\"files-1713077370972-906325059.png\"]','2024-04-14 06:49:31','Deposit Rm100',100.00,'2024-04-14',NULL),(44,'SPU001031','[\"files-1713077414229-599637339.png\"]','2024-04-14 06:50:14','payment for ABCD supplier',40.00,'2024-04-14',56);
/*!40000 ALTER TABLE `account_status` ENABLE KEYS */;
UNLOCK TABLES;

--
-- Table structure for table `category`
--

DROP TABLE IF EXISTS `category`;
/*!40101 SET @saved_cs_client     = @@character_set_client */;
/*!50503 SET character_set_client = utf8mb4 */;
CREATE TABLE `category` (
  `cat_id` int NOT NULL AUTO_INCREMENT,
  `cat_name` varchar(255) NOT NULL,
  PRIMARY KEY (`cat_id`)
) ENGINE=InnoDB AUTO_INCREMENT=10 DEFAULT CHARSET=utf8mb4 COLLATE=utf8mb4_0900_ai_ci;
/*!40101 SET character_set_client = @saved_cs_client */;

--
-- Dumping data for table `category`
--

LOCK TABLES `category` WRITE;
/*!40000 ALTER TABLE `category` DISABLE KEYS */;
INSERT INTO `category` VALUES (1,'Interior Design'),(2,'Kitchen Renovation'),(3,'Bathroom Remodeling'),(4,'Flooring'),(5,'Painting'),(6,'Roofing'),(7,'Electrical Work'),(8,'Plumbing'),(9,'Landscaping');
/*!40000 ALTER TABLE `category` ENABLE KEYS */;
UNLOCK TABLES;

--
-- Table structure for table `password_reset_token`
--

DROP TABLE IF EXISTS `password_reset_token`;
/*!40101 SET @saved_cs_client     = @@character_set_client */;
/*!50503 SET character_set_client = utf8mb4 */;
CREATE TABLE `password_reset_token` (
  `token_id` int NOT NULL AUTO_INCREMENT,
  `token` longtext NOT NULL,
  `expiredAt` timestamp NULL DEFAULT ((now() + interval 3 minute)),
  `user_email` varchar(255) NOT NULL,
  PRIMARY KEY (`token_id`),
  UNIQUE KEY `user_email` (`user_email`)
) ENGINE=InnoDB AUTO_INCREMENT=61 DEFAULT CHARSET=utf8mb4 COLLATE=utf8mb4_0900_ai_ci;
/*!40101 SET character_set_client = @saved_cs_client */;

--
-- Dumping data for table `password_reset_token`
--

LOCK TABLES `password_reset_token` WRITE;
/*!40000 ALTER TABLE `password_reset_token` DISABLE KEYS */;
/*!40000 ALTER TABLE `password_reset_token` ENABLE KEYS */;
UNLOCK TABLES;

--
-- Table structure for table `position`
--

DROP TABLE IF EXISTS `position`;
/*!40101 SET @saved_cs_client     = @@character_set_client */;
/*!50503 SET character_set_client = utf8mb4 */;
CREATE TABLE `position` (
  `pos_id` int NOT NULL AUTO_INCREMENT,
  `pos_name` varchar(255) NOT NULL,
  `pos_description` longtext NOT NULL,
  PRIMARY KEY (`pos_id`)
) ENGINE=InnoDB AUTO_INCREMENT=4 DEFAULT CHARSET=utf8mb4 COLLATE=utf8mb4_0900_ai_ci;
/*!40101 SET character_set_client = @saved_cs_client */;

--
-- Dumping data for table `position`
--

LOCK TABLES `position` WRITE;
/*!40000 ALTER TABLE `position` DISABLE KEYS */;
INSERT INTO `position` VALUES (1,'superuser','having highest power in this system'),(2,'admin','having control on contact, account, allow to view project, order detail'),(3,'project manager','having control over project, quotation, material and order.');
/*!40000 ALTER TABLE `position` ENABLE KEYS */;
UNLOCK TABLES;

--
-- Table structure for table `product`
--

DROP TABLE IF EXISTS `product`;
/*!40101 SET @saved_cs_client     = @@character_set_client */;
/*!50503 SET character_set_client = utf8mb4 */;
CREATE TABLE `product` (
  `product_id` int NOT NULL AUTO_INCREMENT,
  `product_name` varchar(255) NOT NULL,
  `product_category` varchar(255) DEFAULT NULL,
  `product_unit_price` decimal(10,2) NOT NULL,
  `product_description` mediumtext NOT NULL,
  `supplier_id` int DEFAULT NULL,
  `product_unit_cost` decimal(10,2) NOT NULL,
  PRIMARY KEY (`product_id`),
  KEY `supplier_id` (`supplier_id`),
  CONSTRAINT `product_ibfk_1` FOREIGN KEY (`supplier_id`) REFERENCES `supplier` (`supplier_id`)
) ENGINE=InnoDB AUTO_INCREMENT=804 DEFAULT CHARSET=utf8mb4 COLLATE=utf8mb4_0900_ai_ci;
/*!40101 SET character_set_client = @saved_cs_client */;

--
-- Dumping data for table `product`
--

LOCK TABLES `product` WRITE;
/*!40000 ALTER TABLE `product` DISABLE KEYS */;
INSERT INTO `product` VALUES (1,'Something','[2,3]',13.80,'[\"Function 3\"]',NULL,12.00),(2,'Painting Supplies','[1]',23.00,'[\"High quality acrylic paint suitable for interior and exterior walls. Available in various colors\"]',6,20.00),(3,'Flooring','[4]',5.75,'[\"Porcelain floor tiles with a glossy finish. \",\"Ideal for bathrooms and kitchens\"]',5,5.00),(4,'Light Fixture','[1]',57.50,'[\"Modern LED ceiling light fixtures with adjustable brigtness\"]',5,50.00),(5,'Cabinet Hardware','[2,3]',2.88,'[\"Stainless steel cabinet handles with a sleek design\"]',8,2.50),(6,'Wallpaper','[\"1\",\"7\"]',34.50,'[\"Patterned wallpaper featuring floral motifs\",\"Each roll covers approximtely 50 square feet of wall space\"]',6,30.00),(7,'Interior Painting','[1]',575.00,'[\"Professional interior painting service, including surface preperation, primping, applications of two coats paints\"]',6,500.00),(8,'Electrical Fixture Installation','[7]',253.00,'[\"Installation of light fixtures,switch and outlets by licensed electrical. \"]',5,220.00),(9,'Wallpaper installation','[1]',115.00,'[\"Expert Installation of wallpaper including surface preperation, application, and smoothing for a seamless finish. \"]',8,100.00),(10,'Something else','[\"1\"]',23.00,'[\"Porcelain floor tiles with a glossy finish. \"]',5,20.00),(11,'Painting Supplies','[1,2]',23.00,'[\"Porcelain floor tiles with a glossy finish. \"]',4,20.00),(12,'Painting Supplies','[1]',23.00,'[\"High quality acrylic paint suitable for interior and exterior walls. Available in various colors\"]',6,20.00),(444,'Product_001','[3]',17.84,'[\"Sample description for product 001\"]',8,15.51),(445,'Product_002','[4]',56.58,'[\"Sample description for product 002\"]',19,49.20),(446,'Product_003','[1]',22.22,'[\"Sample description for product 003\"]',29,19.32),(447,'Product_004','[6]',47.86,'[\"Sample description for product 004\"]',12,41.62),(448,'Product_005','[3]',13.50,'[\"Sample description for product 005\"]',34,11.74),(449,'Product_006','[8]',64.42,'[\"Sample description for product 006\"]',NULL,56.02),(450,'Product_007','[3]',75.10,'[\"Sample description for product 007\"]',36,65.30),(451,'Product_008','[3]',67.40,'[\"Sample description for product 008\"]',16,58.61),(452,'Product_009','[7]',16.87,'[\"Sample description for product 009\"]',14,14.67),(453,'Product_010','[8]',95.68,'[\"Sample description for product 010\"]',28,83.20),(454,'Product_011','[9]',56.09,'[\"Sample description for product 011\"]',21,48.77),(455,'Product_012','[8]',101.37,'[\"Sample description for product 012\"]',19,88.15),(456,'Product_013','[1]',98.24,'[\"Sample description for product 013\"]',19,85.43),(457,'Product_014','[8]',71.10,'[\"Sample description for product 014\"]',19,61.83),(458,'Product_015','[6]',99.35,'[\"Sample description for product 015\"]',4,86.39),(459,'Product_016','[3]',27.26,'[\"Sample description for product 016\"]',NULL,23.70),(460,'Product_017','[4]',36.44,'[\"Sample description for product 017\"]',34,31.69),(461,'Product_018','[8]',56.93,'[\"Sample description for product 018\"]',27,49.50),(462,'Product_019','[4]',14.50,'[\"Sample description for product 019\"]',9,12.61),(463,'Product_020','[2]',17.25,'[\"Sample description for product 020\"]',29,15.00),(464,'Product_021','[5]',27.05,'[\"Sample description for product 021\"]',28,23.52),(465,'Product_022','[9]',58.68,'[\"Sample description for product 022\"]',22,51.03),(466,'Product_023','[9]',114.95,'[\"Sample description for product 023\"]',35,99.96),(467,'Product_024','[2]',59.11,'[\"Sample description for product 024\"]',33,51.40),(468,'Product_025','[8]',40.69,'[\"Sample description for product 025\"]',22,35.38),(469,'Product_026','[1]',83.31,'[\"Sample description for product 026\"]',25,72.44),(470,'Product_027','[7]',92.35,'[\"Sample description for product 027\"]',30,80.30),(471,'Product_028','[6]',86.72,'[\"Sample description for product 028\"]',4,75.41),(472,'Product_029','[7]',71.56,'[\"Sample description for product 029\"]',6,62.23),(473,'Product_030','[9]',43.75,'[\"Sample description for product 030\"]',34,38.04),(474,'Product_031','[2]',9.66,'[\"Sample description for product 031\"]',NULL,8.40),(475,'Product_032','[7]',0.43,'[\"Sample description for product 032\"]',26,0.37),(476,'Product_033','[9]',52.31,'[\"Sample description for product 033\"]',35,45.49),(477,'Product_034','[4]',84.09,'[\"Sample description for product 034\"]',24,73.12),(478,'Product_035','[8]',109.12,'[\"Sample description for product 035\"]',34,94.89),(479,'Product_036','[1]',30.08,'[\"Sample description for product 036\"]',36,26.16),(480,'Product_037','[4]',99.08,'[\"Sample description for product 037\"]',26,86.16),(481,'Product_038','[3]',37.72,'[\"Sample description for product 038\"]',16,32.80),(482,'Product_039','[5]',81.97,'[\"Sample description for product 039\"]',20,71.28),(483,'Product_040','[1]',105.79,'[\"Sample description for product 040\"]',36,91.99),(484,'Product_041','[6]',90.63,'[\"Sample description for product 041\"]',28,78.81),(485,'Product_042','[7]',94.05,'[\"Sample description for product 042\"]',17,81.78),(486,'Product_043','[8]',75.95,'[\"Sample description for product 043\"]',27,66.04),(487,'Product_044','[2]',31.37,'[\"Sample description for product 044\"]',29,27.28),(488,'Product_045','[1]',8.33,'[\"Sample description for product 045\"]',14,7.24),(489,'Product_046','[4]',83.62,'[\"Sample description for product 046\"]',6,72.71),(490,'Product_047','[5]',60.55,'[\"Sample description for product 047\"]',34,52.65),(491,'Product_048','[8]',78.28,'[\"Sample description for product 048\"]',5,68.07),(492,'Product_049','[3]',98.20,'[\"Sample description for product 049\"]',18,85.39),(493,'Product_050','[9]',86.08,'[\"Sample description for product 050\"]',8,74.85),(494,'Product_051','[4]',66.70,'[\"Sample description for product 051\"]',17,58.00),(495,'Product_052','[7]',33.79,'[\"Sample description for product 052\"]',4,29.38),(496,'Product_053','[4]',91.01,'[\"Sample description for product 053\"]',18,79.14),(497,'Product_054','[6]',74.64,'[\"Sample description for product 054\"]',19,64.90),(498,'Product_055','[8]',57.05,'[\"Sample description for product 055\"]',14,49.61),(499,'Product_056','[5]',67.67,'[\"Sample description for product 056\"]',13,58.84),(500,'Product_057','[1]',75.15,'[\"Sample description for product 057\"]',33,65.35),(501,'Product_058','[5]',56.55,'[\"Sample description for product 058\"]',9,49.17),(502,'Product_059','[1]',81.29,'[\"Sample description for product 059\"]',25,70.69),(503,'Product_060','[5]',75.41,'[\"Sample description for product 060\"]',20,65.57),(504,'Product_061','[7]',74.65,'[\"Sample description for product 061\"]',NULL,64.91),(505,'Product_062','[5]',59.00,'[\"Sample description for product 062\"]',29,51.30),(506,'Product_063','[3]',44.94,'[\"Sample description for product 063\"]',9,39.08),(507,'Product_064','[5]',57.42,'[\"Sample description for product 064\"]',6,49.93),(508,'Product_065','[3]',70.20,'[\"Sample description for product 065\"]',20,61.04),(509,'Product_066','[5]',105.25,'[\"Sample description for product 066\"]',27,91.52),(510,'Product_067','[5]',53.80,'[\"Sample description for product 067\"]',25,46.78),(511,'Product_068','[4]',38.92,'[\"Sample description for product 068\"]',26,33.84),(512,'Product_069','[7]',21.10,'[\"Sample description for product 069\"]',24,18.35),(513,'Product_070','[1]',60.94,'[\"Sample description for product 070\"]',24,52.99),(514,'Product_071','[7]',104.04,'[\"Sample description for product 071\"]',34,90.47),(515,'Product_072','[7]',42.70,'[\"Sample description for product 072\"]',25,37.13),(516,'Product_073','[8]',11.04,'[\"Sample description for product 073\"]',30,9.60),(517,'Product_074','[1]',97.45,'[\"Sample description for product 074\"]',34,84.74),(518,'Product_075','[5]',102.99,'[\"Sample description for product 075\"]',33,89.56),(519,'Product_076','[7]',64.04,'[\"Sample description for product 076\"]',24,55.69),(520,'Product_077','[9]',55.48,'[\"Sample description for product 077\"]',24,48.24),(521,'Product_078','[6]',40.35,'[\"Sample description for product 078\"]',6,35.09),(522,'Product_079','[5]',32.71,'[\"Sample description for product 079\"]',35,28.44),(523,'Product_080','[6]',13.52,'[\"Sample description for product 080\"]',36,11.76),(524,'Product_081','[6]',36.43,'[\"Sample description for product 081\"]',16,31.68),(525,'Product_082','[4]',17.20,'[\"Sample description for product 082\"]',36,14.96),(526,'Product_083','[8]',73.67,'[\"Sample description for product 083\"]',4,64.06),(527,'Product_084','[2]',68.95,'[\"Sample description for product 084\"]',6,59.96),(528,'Product_085','[8]',87.93,'[\"Sample description for product 085\"]',18,76.46),(529,'Product_086','[5]',79.13,'[\"Sample description for product 086\"]',28,68.81),(530,'Product_087','[2]',8.14,'[\"Sample description for product 087\"]',20,7.08),(531,'Product_088','[8]',62.34,'[\"Sample description for product 088\"]',36,54.21),(532,'Product_089','[8]',24.92,'[\"Sample description for product 089\"]',4,21.67),(533,'Product_090','[1]',48.63,'[\"Sample description for product 090\"]',14,42.29),(534,'Product_091','[2]',56.04,'[\"Sample description for product 091\"]',34,48.73),(535,'Product_092','[7]',103.81,'[\"Sample description for product 092\"]',29,90.27),(536,'Product_093','[3]',17.01,'[\"Sample description for product 093\"]',27,14.79),(537,'Product_094','[6]',69.12,'[\"Sample description for product 094\"]',16,60.10),(538,'Product_095','[9]',19.38,'[\"Sample description for product 095\"]',24,16.85),(539,'Product_096','[9]',11.25,'[\"Sample description for product 096\"]',16,9.78),(540,'Product_097','[4]',103.16,'[\"Sample description for product 097\"]',10,89.70),(541,'Product_098','[9]',87.99,'[\"Sample description for product 098\"]',8,76.51),(542,'Product_099','[4]',90.13,'[\"Sample description for product 099\"]',34,78.37),(543,'Product_100','[2]',94.91,'[\"Sample description for product 100\"]',16,82.53),(571,'Product_001','[9]',70.10,'[\"Sample description for product 001\"]',9,60.96),(572,'Product_002','[5]',29.05,'[\"Sample description for product 002\"]',14,25.26),(573,'Product_003','[3]',30.60,'[\"Sample description for product 003\"]',8,26.61),(574,'Product_004','[9]',91.62,'[\"Sample description for product 004\"]',29,79.67),(575,'Product_005','[6]',83.27,'[\"Sample description for product 005\"]',19,72.41),(576,'Product_006','[2]',95.34,'[\"Sample description for product 006\"]',11,82.90),(577,'Product_007','[5]',81.94,'[\"Sample description for product 007\"]',14,71.25),(578,'Product_008','[6]',26.73,'[\"Sample description for product 008\"]',30,23.24),(579,'Product_009','[7]',114.56,'[\"Sample description for product 009\"]',5,99.62),(580,'Product_010','[8]',99.87,'[\"Sample description for product 010\"]',17,86.84),(581,'Product_011','[1]',19.41,'[\"Sample description for product 011\"]',27,16.88),(582,'Product_012','[7]',65.92,'[\"Sample description for product 012\"]',16,57.32),(583,'Product_013','[7]',106.70,'[\"Sample description for product 013\"]',14,92.78),(584,'Product_014','[6]',92.98,'[\"Sample description for product 014\"]',26,80.85),(585,'Product_015','[9]',20.69,'[\"Sample description for product 015\"]',29,17.99),(586,'Product_016','[6]',25.44,'[\"Sample description for product 016\"]',21,22.12),(587,'Product_017','[5]',32.87,'[\"Sample description for product 017\"]',19,28.58),(588,'Product_018','[1]',12.29,'[\"Sample description for product 018\"]',17,10.69),(589,'Product_019','[3]',60.39,'[\"Sample description for product 019\"]',27,52.51),(590,'Product_020','[5]',53.34,'[\"Sample description for product 020\"]',5,46.38),(591,'Product_021','[2]',62.30,'[\"Sample description for product 021\"]',27,54.17),(592,'Product_022','[6]',25.40,'[\"Sample description for product 022\"]',NULL,22.09),(593,'Product_023','[3]',102.24,'[\"Sample description for product 023\"]',5,88.90),(594,'Product_024','[3]',2.73,'[\"Sample description for product 024\"]',14,2.37),(595,'Product_025','[2]',14.32,'[\"Sample description for product 025\"]',28,12.45),(596,'Product_026','[4]',91.63,'[\"Sample description for product 026\"]',34,79.68),(597,'Product_027','[2]',23.69,'[\"Sample description for product 027\"]',34,20.60),(598,'Product_028','[2]',15.03,'[\"Sample description for product 028\"]',27,13.07),(599,'Product_029','[5]',16.34,'[\"Sample description for product 029\"]',22,14.21),(600,'Product_030','[1]',17.12,'[\"Sample description for product 030\"]',11,14.89),(601,'Product_031','[1]',65.17,'[\"Sample description for product 031\"]',19,56.67),(602,'Product_032','[4]',34.60,'[\"Sample description for product 032\"]',11,30.09),(603,'Product_033','[8]',34.62,'[\"Sample description for product 033\"]',15,30.10),(604,'Product_034','[4]',98.96,'[\"Sample description for product 034\"]',8,86.05),(605,'Product_035','[8]',87.57,'[\"Sample description for product 035\"]',36,76.15),(606,'Product_036','[8]',58.66,'[\"Sample description for product 036\"]',28,51.01),(607,'Product_037','[3]',30.39,'[\"Sample description for product 037\"]',13,26.43),(608,'Product_038','[5]',39.51,'[\"Sample description for product 038\"]',25,34.36),(609,'Product_039','[8]',50.68,'[\"Sample description for product 039\"]',19,44.07),(610,'Product_040','[8]',38.76,'[\"Sample description for product 040\"]',24,33.70),(611,'Product_041','[8]',101.07,'[\"Sample description for product 041\"]',30,87.89),(612,'Product_042','[9]',20.04,'[\"Sample description for product 042\"]',17,17.43),(613,'Product_043','[7]',67.17,'[\"Sample description for product 043\"]',19,58.41),(614,'Product_044','[5]',28.09,'[\"Sample description for product 044\"]',11,24.43),(615,'Product_045','[5]',56.30,'[\"Sample description for product 045\"]',NULL,48.96),(616,'Product_046','[9]',18.06,'[\"Sample description for product 046\"]',6,15.70),(617,'Product_047','[6]',22.48,'[\"Sample description for product 047\"]',13,19.55),(618,'Product_048','[2]',38.87,'[\"Sample description for product 048\"]',8,33.80),(619,'Product_049','[3]',12.63,'[\"Sample description for product 049\"]',13,10.98),(620,'Product_050','[7]',31.66,'[\"Sample description for product 050\"]',36,27.53),(621,'Product_051','[4]',61.93,'[\"Sample description for product 051\"]',NULL,53.85),(622,'Product_052','[2]',47.85,'[\"Sample description for product 052\"]',6,41.61),(623,'Product_053','[8]',11.73,'[\"Sample description for product 053\"]',10,10.20),(624,'Product_054','[9]',33.90,'[\"Sample description for product 054\"]',22,29.48),(625,'Product_055','[8]',98.19,'[\"Sample description for product 055\"]',27,85.38),(626,'Product_056','[2]',110.33,'[\"Sample description for product 056\"]',5,95.94),(627,'Product_057','[6]',106.98,'[\"Sample description for product 057\"]',12,93.03),(628,'Product_058','[8]',41.62,'[\"Sample description for product 058\"]',18,36.19),(629,'Product_059','[5]',91.45,'[\"Sample description for product 059\"]',8,79.52),(630,'Product_060','[5]',48.83,'[\"Sample description for product 060\"]',24,42.46),(631,'Product_061','[3]',27.01,'[\"Sample description for product 061\"]',29,23.49),(632,'Product_062','[8]',21.68,'[\"Sample description for product 062\"]',19,18.85),(633,'Product_063','[5]',71.78,'[\"Sample description for product 063\"]',36,62.42),(634,'Product_064','[2]',97.60,'[\"Sample description for product 064\"]',18,84.87),(635,'Product_065','[9]',60.54,'[\"Sample description for product 065\"]',19,52.64),(636,'Product_066','[3]',95.04,'[\"Sample description for product 066\"]',7,82.64),(637,'Product_067','[8]',93.48,'[\"Sample description for product 067\"]',36,81.29),(638,'Product_068','[2]',101.07,'[\"Sample description for product 068\"]',19,87.89),(639,'Product_069','[9]',70.90,'[\"Sample description for product 069\"]',5,61.65),(640,'Product_070','[9]',32.19,'[\"Sample description for product 070\"]',13,27.99),(641,'Product_071','[5]',8.14,'[\"Sample description for product 071\"]',35,7.08),(642,'Product_072','[5]',68.78,'[\"Sample description for product 072\"]',27,59.81),(643,'Product_073','[8]',49.54,'[\"Sample description for product 073\"]',NULL,43.08),(644,'Product_074','[6]',36.92,'[\"Sample description for product 074\"]',24,32.10),(645,'Product_075','[8]',22.60,'[\"Sample description for product 075\"]',17,19.65),(646,'Product_076','[7]',47.94,'[\"Sample description for product 076\"]',NULL,41.69),(647,'Product_077','[3]',10.34,'[\"Sample description for product 077\"]',6,8.99),(648,'Product_078','[3]',6.16,'[\"Sample description for product 078\"]',10,5.36),(649,'Product_079','[6]',13.54,'[\"Sample description for product 079\"]',19,11.77),(650,'Product_080','[2]',2.78,'[\"Sample description for product 080\"]',33,2.42),(651,'Product_081','[5]',87.62,'[\"Sample description for product 081\"]',18,76.19),(652,'Product_082','[5]',43.03,'[\"Sample description for product 082\"]',34,37.42),(653,'Product_083','[2]',71.71,'[\"Sample description for product 083\"]',11,62.36),(654,'Product_084','[4]',69.05,'[\"Sample description for product 084\"]',16,60.04),(655,'Product_085','[8]',47.17,'[\"Sample description for product 085\"]',13,41.02),(656,'Product_086','[2]',9.32,'[\"Sample description for product 086\"]',15,8.10),(657,'Product_087','[4]',63.58,'[\"Sample description for product 087\"]',9,55.29),(658,'Product_088','[3]',9.60,'[\"Sample description for product 088\"]',9,8.35),(659,'Product_089','[9]',99.26,'[\"Sample description for product 089\"]',36,86.31),(660,'Product_090','[4]',31.12,'[\"Sample description for product 090\"]',11,27.06),(661,'Product_091','[7]',103.41,'[\"Sample description for product 091\"]',24,89.92),(662,'Product_092','[6]',58.41,'[\"Sample description for product 092\"]',26,50.79),(663,'Product_093','[5]',42.83,'[\"Sample description for product 093\"]',19,37.24),(664,'Product_094','[4]',67.28,'[\"Sample description for product 094\"]',9,58.50),(665,'Product_095','[4]',58.39,'[\"Sample description for product 095\"]',NULL,50.77),(666,'Product_096','[1]',85.87,'[\"Sample description for product 096\"]',6,74.67),(667,'Product_097','[5]',114.41,'[\"Sample description for product 097\"]',26,99.49),(668,'Product_098','[9]',88.31,'[\"Sample description for product 098\"]',4,76.79),(669,'Product_099','[8]',92.25,'[\"Sample description for product 099\"]',28,80.22),(670,'Product_100','[8]',111.73,'[\"Sample description for product 100\"]',4,97.16),(698,'Product_001','[8]',32.66,'[\"Sample description for product 001\"]',NULL,28.40),(699,'Product_002','[7]',79.89,'[\"Sample description for product 002\"]',18,69.47),(700,'Product_003','[2]',31.65,'[\"Sample description for product 003\"]',21,27.52),(701,'Product_004','[7]',12.98,'[\"Sample description for product 004\"]',8,11.29),(702,'Product_005','[2]',50.04,'[\"Sample description for product 005\"]',5,43.51),(703,'Product_006','[9]',10.09,'[\"Sample description for product 006\"]',18,8.77),(704,'Product_007','[2]',95.17,'[\"Sample description for product 007\"]',6,82.76),(705,'Product_008','[9]',88.50,'[\"Sample description for product 008\"]',5,76.96),(706,'Product_009','[7]',109.14,'[\"Sample description for product 009\"]',18,94.90),(707,'Product_010','[4]',17.35,'[\"Sample description for product 010\"]',21,15.09),(708,'Product_011','[2]',101.36,'[\"Sample description for product 011\"]',14,88.14),(709,'Product_012','[4]',11.80,'[\"Sample description for product 012\"]',32,10.26),(710,'Product_013','[9]',90.70,'[\"Sample description for product 013\"]',5,78.87),(711,'Product_014','[8]',24.38,'[\"Sample description for product 014\"]',6,21.20),(712,'Product_015','[8]',96.50,'[\"Sample description for product 015\"]',4,83.91),(713,'Product_016','[2]',72.73,'[\"Sample description for product 016\"]',NULL,63.24),(714,'Product_017','[4]',110.76,'[\"Sample description for product 017\"]',19,96.31),(715,'Product_018','[4]',14.72,'[\"Sample description for product 018\"]',5,12.80),(716,'Product_019','[5]',103.16,'[\"Sample description for product 019\"]',30,89.70),(717,'Product_020','[1]',34.72,'[\"Sample description for product 020\"]',NULL,30.19),(718,'Product_021','[7]',101.32,'[\"Sample description for product 021\"]',32,88.10),(719,'Product_022','[8]',84.63,'[\"Sample description for product 022\"]',15,73.59),(720,'Product_023','[6]',7.42,'[\"Sample description for product 023\"]',14,6.45),(721,'Product_024','[4]',59.47,'[\"Sample description for product 024\"]',29,51.71),(722,'Product_025','[3]',17.42,'[\"Sample description for product 025\"]',24,15.15),(723,'Product_026','[8]',7.98,'[\"Sample description for product 026\"]',20,6.94),(724,'Product_027','[8]',62.19,'[\"Sample description for product 027\"]',20,54.08),(725,'Product_028','[2]',100.49,'[\"Sample description for product 028\"]',20,87.38),(726,'Product_029','[9]',102.93,'[\"Sample description for product 029\"]',19,89.50),(727,'Product_030','[1]',25.35,'[\"Sample description for product 030\"]',22,22.04),(728,'Product_031','[4]',12.66,'[\"Sample description for product 031\"]',17,11.01),(729,'Product_032','[3]',102.70,'[\"Sample description for product 032\"]',7,89.30),(730,'Product_033','[2]',44.78,'[\"Sample description for product 033\"]',9,38.94),(731,'Product_034','[5]',24.70,'[\"Sample description for product 034\"]',30,21.48),(732,'Product_035','[7]',15.82,'[\"Sample description for product 035\"]',8,13.76),(733,'Product_036','[3]',90.26,'[\"Sample description for product 036\"]',9,78.49),(734,'Product_037','[5]',8.91,'[\"Sample description for product 037\"]',9,7.75),(735,'Product_038','[9]',0.07,'[\"Sample description for product 038\"]',4,0.06),(736,'Product_039','[9]',106.81,'[\"Sample description for product 039\"]',13,92.88),(737,'Product_040','[7]',62.91,'[\"Sample description for product 040\"]',9,54.70),(738,'Product_041','[3]',44.28,'[\"Sample description for product 041\"]',29,38.50),(739,'Product_042','[6]',86.84,'[\"Sample description for product 042\"]',26,75.51),(740,'Product_043','[7]',94.59,'[\"Sample description for product 043\"]',32,82.25),(741,'Product_044','[5]',108.82,'[\"Sample description for product 044\"]',8,94.63),(742,'Product_045','[3]',108.47,'[\"Sample description for product 045\"]',NULL,94.32),(743,'Product_046','[2]',98.35,'[\"Sample description for product 046\"]',30,85.52),(744,'Product_047','[8]',107.77,'[\"Sample description for product 047\"]',22,93.71),(745,'Product_048','[1]',17.35,'[\"Sample description for product 048\"]',17,15.09),(746,'Product_049','[5]',97.75,'[\"Sample description for product 049\"]',20,85.00),(747,'Product_050','[7]',37.55,'[\"Sample description for product 050\"]',22,32.65),(748,'Product_051','[9]',15.46,'[\"Sample description for product 051\"]',7,13.44),(749,'Product_052','[4]',74.34,'[\"Sample description for product 052\"]',36,64.64),(750,'Product_053','[3]',96.86,'[\"Sample description for product 053\"]',33,84.23),(751,'Product_054','[5]',64.62,'[\"Sample description for product 054\"]',13,56.19),(752,'Product_055','[9]',57.43,'[\"Sample description for product 055\"]',22,49.94),(753,'Product_056','[8]',91.20,'[\"Sample description for product 056\"]',10,79.30),(754,'Product_057','[4]',63.24,'[\"Sample description for product 057\"]',20,54.99),(755,'Product_058','[3]',43.70,'[\"Sample description for product 058\"]',34,38.00),(756,'Product_059','[2]',93.50,'[\"Sample description for product 059\"]',NULL,81.30),(757,'Product_060','[6]',8.13,'[\"Sample description for product 060\"]',35,7.07),(758,'Product_061','[5]',46.75,'[\"Sample description for product 061\"]',21,40.65),(759,'Product_062','[4]',81.59,'[\"Sample description for product 062\"]',13,70.95),(760,'Product_063','[7]',47.81,'[\"Sample description for product 063\"]',11,41.57),(761,'Product_064','[4]',12.34,'[\"Sample description for product 064\"]',36,10.73),(762,'Product_065','[5]',16.88,'[\"Sample description for product 065\"]',20,14.68),(763,'Product_066','[3]',75.21,'[\"Sample description for product 066\"]',33,65.40),(764,'Product_067','[6]',49.51,'[\"Sample description for product 067\"]',NULL,43.05),(765,'Product_068','[6]',78.27,'[\"Sample description for product 068\"]',34,68.06),(766,'Product_069','[6]',64.72,'[\"Sample description for product 069\"]',30,56.28),(767,'Product_070','[4]',104.59,'[\"Sample description for product 070\"]',NULL,90.95),(768,'Product_071','[1]',41.72,'[\"Sample description for product 071\"]',16,36.28),(769,'Product_072','[7]',89.30,'[\"Sample description for product 072\"]',29,77.65),(770,'Product_073','[5]',111.42,'[\"Sample description for product 073\"]',18,96.89),(771,'Product_074','[5]',50.11,'[\"Sample description for product 074\"]',26,43.57),(772,'Product_075','[2]',109.60,'[\"Sample description for product 075\"]',7,95.30),(773,'Product_076','[5]',67.19,'[\"Sample description for product 076\"]',29,58.43),(774,'Product_077','[6]',27.01,'[\"Sample description for product 077\"]',16,23.49),(775,'Product_078','[1]',28.64,'[\"Sample description for product 078\"]',25,24.90),(776,'Product_079','[3]',41.77,'[\"Sample description for product 079\"]',27,36.32),(777,'Product_080','[7]',46.47,'[\"Sample description for product 080\"]',9,40.41),(778,'Product_081','[6]',22.49,'[\"Sample description for product 081\"]',9,19.56),(779,'Product_082','[4]',41.34,'[\"Sample description for product 082\"]',24,35.95),(780,'Product_083','[9]',53.69,'[\"Sample description for product 083\"]',5,46.69),(781,'Product_084','[3]',2.84,'[\"Sample description for product 084\"]',13,2.47),(782,'Product_085','[3]',75.43,'[\"Sample description for product 085\"]',20,65.59),(783,'Product_086','[8]',110.65,'[\"Sample description for product 086\"]',13,96.22),(784,'Product_087','[9]',104.11,'[\"Sample description for product 087\"]',28,90.53),(785,'Product_088','[3]',67.53,'[\"Sample description for product 088\"]',18,58.72),(786,'Product_089','[6]',10.36,'[\"Sample description for product 089\"]',15,9.01),(787,'Product_090','[4]',38.69,'[\"Sample description for product 090\"]',5,33.64),(788,'Product_091','[5]',9.07,'[\"Sample description for product 091\"]',NULL,7.89),(789,'Product_092','[6]',92.52,'[\"Sample description for product 092\"]',4,80.45),(790,'Product_093','[9]',62.20,'[\"Sample description for product 093\"]',9,54.09),(791,'Product_094','[3]',42.71,'[\"Sample description for product 094\"]',11,37.14),(792,'Product_095','[2]',65.86,'[\"Sample description for product 095\"]',9,57.27),(793,'Product_096','[4]',42.60,'[\"Sample description for product 096\"]',12,37.04),(794,'Product_097','[1]',74.50,'[\"Sample description for product 097\"]',29,64.78),(795,'Product_098','[9]',20.50,'[\"Sample description for product 098\"]',35,17.83),(796,'Product_099','[1]',80.32,'[\"Sample description for product 099\"]',8,69.84),(797,'Product_100','[1]',11.39,'[\"Sample description for product 100\"]',NULL,9.90),(798,'Deluxe Painting','[\"5\"]',15.00,'[\"Immune to gamma rays\"]',NULL,10.00),(799,'Mabel mozaic','[\"4\"]',25.00,'[\"Sustainable mosaic to use for mall \"]',76,20.00),(800,'ID service ','[\"1\"]',350.00,'[\"Muji style interior design services. \"]',77,300.00),(801,'Nippon Painting ','[\"5\"]',35.00,'[\"Immune to gamma rays\"]',78,30.00),(802,'Flooring labour charge','[\"4\"]',25.00,'[\"Flooring service\"]',9,20.00),(803,'Kitchen labour charge','[\"2\"]',23.00,'[\"Kitchen installation service\"]',81,20.00);
/*!40000 ALTER TABLE `product` ENABLE KEYS */;
UNLOCK TABLES;

--
-- Table structure for table `project`
--

DROP TABLE IF EXISTS `project`;
/*!40101 SET @saved_cs_client     = @@character_set_client */;
/*!50503 SET character_set_client = utf8mb4 */;
CREATE TABLE `project` (
  `project_id` varchar(20) NOT NULL,
  `project_name` varchar(255) DEFAULT NULL,
  `manager_in_charge_id` varchar(10) DEFAULT NULL,
  `created_at` timestamp NULL DEFAULT CURRENT_TIMESTAMP,
  `project_client_name` varchar(255) NOT NULL,
  `project_client_contact` varchar(14) NOT NULL,
  `project_address` varchar(255) NOT NULL,
  `project_grand_total` decimal(20,2) NOT NULL,
  `project_sub_total` decimal(20,2) NOT NULL,
  `project_discount` decimal(20,2) NOT NULL,
  `project_prop_type` varchar(10) NOT NULL,
  `last_edit_time` timestamp NULL DEFAULT CURRENT_TIMESTAMP ON UPDATE CURRENT_TIMESTAMP,
  `last_edit_pic` varchar(255) DEFAULT NULL,
  `admin_in_charge_id` varchar(10) DEFAULT NULL,
  `project_product_lists` longtext NOT NULL,
  `project_outstanding` decimal(20,2) DEFAULT NULL,
  PRIMARY KEY (`project_id`),
  KEY `manager_in_charge_id` (`manager_in_charge_id`),
  KEY `admin_in_charge_id` (`admin_in_charge_id`),
  KEY `last_edit_pic` (`last_edit_pic`),
  CONSTRAINT `project_ibfk_1` FOREIGN KEY (`manager_in_charge_id`) REFERENCES `user` (`user_id`),
  CONSTRAINT `project_ibfk_2` FOREIGN KEY (`admin_in_charge_id`) REFERENCES `user` (`user_id`),
  CONSTRAINT `project_ibfk_3` FOREIGN KEY (`last_edit_pic`) REFERENCES `user` (`user_id`),
  CONSTRAINT `project_chk_1` CHECK (((`manager_in_charge_id` like _utf8mb4'MNG%') or (`manager_in_charge_id` like _utf8mb4'SPU%'))),
  CONSTRAINT `project_chk_2` CHECK (((`admin_in_charge_id` like _utf8mb4'ADM%') or (`manager_in_charge_id` like _utf8mb4'SPU%')))
) ENGINE=InnoDB DEFAULT CHARSET=utf8mb4 COLLATE=utf8mb4_0900_ai_ci;
/*!40101 SET character_set_client = @saved_cs_client */;

--
-- Dumping data for table `project`
--

LOCK TABLES `project` WRITE;
/*!40000 ALTER TABLE `project` DISABLE KEYS */;
INSERT INTO `project` VALUES ('SPU001001','Lavile Condo Mr Bean v1','SPU001','2024-02-26 03:51:14','Mr Bean','01110790813','1Shamelin Shopping Mall, Jalan Perdana Utama, Maluri, Kuala Lumpur, 55300, Malaysia',60.00,60.00,0.00,'condo','2024-04-08 02:41:29','SPU001',NULL,'[{\"roomName\":\"room 1\",\"productList\":[{\"product_id\":2,\"product_quantity\":2,\"product_unit_price\":30,\"product_name\":\"Painting Supplies\",\"product_description\":[0]}]}]',60.00),('SPU001003','Lavile Condo Mr Bean v3','SPU001','2024-02-27 07:43:58','Mr Bean','01110790813','1Shamelin Shopping Mall, Jalan Perdana Utama, Maluri, Kuala Lumpur, 55300, Malaysia',4294.00,4294.00,0.00,'shoplot','2024-04-08 02:41:29','SPU001',NULL,'[{\"roomName\":\"room 1\",\"productList\":[{\"product_id\":2,\"product_quantity\":1,\"product_unit_price\":30,\"product_name\":\"Painting Supplies\",\"product_description\":[0]},{\"product_id\":3,\"product_quantity\":1,\"product_unit_price\":8,\"product_name\":\"Flooring\",\"product_description\":[0,1]},{\"product_id\":7,\"product_quantity\":1,\"product_unit_price\":800,\"product_name\":\"Interior Painting\",\"product_description\":[0]},{\"product_id\":8,\"product_quantity\":1,\"product_unit_price\":350,\"product_name\":\"Electrical Fixture Installation\",\"product_description\":[0]},{\"product_id\":9,\"product_quantity\":1,\"product_unit_price\":200,\"product_name\":\"Wallpaper installation\",\"product_description\":[0]}]},{\"roomName\":\"room 2\",\"productList\":[{\"product_id\":2,\"product_quantity\":1,\"product_unit_price\":30,\"product_name\":\"Painting Supplies\",\"product_description\":[0]},{\"product_id\":3,\"product_quantity\":1,\"product_unit_price\":8,\"product_name\":\"Flooring\",\"product_description\":[0,1]},{\"product_id\":7,\"product_quantity\":1,\"product_unit_price\":800,\"product_name\":\"Interior Painting\",\"product_description\":[0]},{\"product_id\":8,\"product_quantity\":1,\"product_unit_price\":350,\"product_name\":\"Electrical Fixture Installation\",\"product_description\":[0]},{\"product_id\":9,\"product_quantity\":1,\"product_unit_price\":200,\"product_name\":\"Wallpaper installation\",\"product_description\":[0]}]},{\"roomName\":\"room 3\",\"productList\":[{\"product_id\":2,\"product_quantity\":1,\"product_unit_price\":30,\"product_name\":\"Painting Supplies\",\"product_description\":[0]},{\"product_id\":3,\"product_quantity\":1,\"product_unit_price\":8,\"product_name\":\"Flooring\",\"product_description\":[0,1]},{\"product_id\":4,\"product_quantity\":1,\"product_unit_price\":80,\"product_name\":\"Light Fixture\",\"product_description\":[0]},{\"product_id\":5,\"product_quantity\":1,\"product_unit_price\":5,\"product_name\":\"Cabinet Hardware\",\"product_description\":[0]},{\"product_id\":6,\"product_quantity\":1,\"product_unit_price\":45,\"product_name\":\"Wallpaper\",\"product_description\":[0,1]},{\"product_id\":7,\"product_quantity\":1,\"product_unit_price\":800,\"product_name\":\"Interior Painting\",\"product_description\":[0]},{\"product_id\":8,\"product_quantity\":1,\"product_unit_price\":350,\"product_name\":\"Electrical Fixture Installation\",\"product_description\":[0]},{\"product_id\":9,\"product_quantity\":1,\"product_unit_price\":200,\"product_name\":\"Wallpaper installation\",\"product_description\":[0]}]}]',800.00),('SPU001009','Lavile Condo Mr Bean v5','SPU001','2024-03-07 01:26:09','Mr Bean','01110790813','Jalan Perdana 3/6, Pandan Perdana, Ampang, Ampang Jaya Municipal Council, Hulu Langat, 55300, Malaysia',39500.00,40500.00,1000.00,'shoplot','2024-04-08 02:41:29','SPU001',NULL,'[{\"roomName\":\"room 1\",\"productList\":[{\"product_id\":7,\"product_quantity\":6,\"product_unit_price\":800,\"product_name\":\"Interior Painting\",\"product_description\":[0]},{\"product_id\":8,\"product_quantity\":6,\"product_unit_price\":350,\"product_name\":\"Electrical Fixture Installation\",\"product_description\":[0]},{\"product_id\":9,\"product_quantity\":6,\"product_unit_price\":200,\"product_name\":\"Wallpaper installation\",\"product_description\":[0]}]},{\"roomName\":\"room 2\",\"productList\":[{\"product_id\":7,\"product_quantity\":6,\"product_unit_price\":800,\"product_name\":\"Interior Painting\",\"product_description\":[0]},{\"product_id\":8,\"product_quantity\":6,\"product_unit_price\":350,\"product_name\":\"Electrical Fixture Installation\",\"product_description\":[0]},{\"product_id\":9,\"product_quantity\":6,\"product_unit_price\":200,\"product_name\":\"Wallpaper installation\",\"product_description\":[0]}]},{\"roomName\":\"room 3\",\"productList\":[{\"product_id\":7,\"product_quantity\":6,\"product_unit_price\":800,\"product_name\":\"Interior Painting\",\"product_description\":[0]},{\"product_id\":8,\"product_quantity\":6,\"product_unit_price\":350,\"product_name\":\"Electrical Fixture Installation\",\"product_description\":[0]},{\"product_id\":9,\"product_quantity\":6,\"product_unit_price\":200,\"product_name\":\"Wallpaper installation\",\"product_description\":[0]}]},{\"roomName\":\"room 4\",\"productList\":[{\"product_id\":7,\"product_quantity\":6,\"product_unit_price\":800,\"product_name\":\"Interior Painting\",\"product_description\":[0]},{\"product_id\":8,\"product_quantity\":6,\"product_unit_price\":350,\"product_name\":\"Electrical Fixture Installation\",\"product_description\":[0]},{\"product_id\":9,\"product_quantity\":6,\"product_unit_price\":200,\"product_name\":\"Wallpaper installation\",\"product_description\":[0]}]},{\"roomName\":\"room 5\",\"productList\":[{\"product_id\":7,\"product_quantity\":6,\"product_unit_price\":800,\"product_name\":\"Interior Painting\",\"product_description\":[0]},{\"product_id\":8,\"product_quantity\":6,\"product_unit_price\":350,\"product_name\":\"Electrical Fixture Installation\",\"product_description\":[0]},{\"product_id\":9,\"product_quantity\":6,\"product_unit_price\":200,\"product_name\":\"Wallpaper installation\",\"product_description\":[0]}]}]',39500.00),('SPU001011','Lavile Condo Mr Bean v7','SPU001','2024-03-07 03:07:17','Mr Bean','01110790813','Pandan Indah, Ampang, Ampang Jaya Municipal Council, Hulu Langat, 51500, Malaysia',2224.23,2324.20,99.97,'condo','2024-04-08 02:41:29','SPU001',NULL,'[{\"roomName\":\"living hall\",\"productList\":[{\"product_id\":2,\"product_quantity\":3,\"product_unit_price\":30,\"product_name\":\"Painting Supplies\",\"product_description\":[0]},{\"product_id\":4,\"product_quantity\":3,\"product_unit_price\":80.5,\"product_name\":\"Light Fixture\",\"product_description\":[0]},{\"product_id\":7,\"product_quantity\":1,\"product_unit_price\":800,\"product_name\":\"Interior Painting\",\"product_description\":[0]},{\"product_id\":11,\"product_quantity\":1,\"product_unit_price\":30.6,\"product_name\":\"Painting Supplies\",\"product_description\":[0]}]},{\"roomName\":\"bed room 1\",\"productList\":[{\"product_id\":2,\"product_quantity\":3,\"product_unit_price\":30,\"product_name\":\"Painting Supplies\",\"product_description\":[0]},{\"product_id\":4,\"product_quantity\":3,\"product_unit_price\":80.5,\"product_name\":\"Light Fixture\",\"product_description\":[0]},{\"product_id\":7,\"product_quantity\":1,\"product_unit_price\":800,\"product_name\":\"Interior Painting\",\"product_description\":[0]},{\"product_id\":11,\"product_quantity\":1,\"product_unit_price\":30.6,\"product_name\":\"Painting Supplies\",\"product_description\":[0]}]}]',69.23),('SPU001012','Lavile Condo Mr Bean v4','SPU001','2024-03-12 03:40:27','Mr Bean','01110790813','Jalan Perdana 3/6, Pandan Perdana, Ampang, Ampang Jaya Municipal Council, Hulu Langat, 55300, Malaysia',888.60,898.60,10.00,'shoplot','2024-04-10 04:42:52','SPU001',NULL,'[{\"roomName\":\"room 1\",\"productList\":[{\"product_id\":2,\"product_quantity\":2,\"product_unit_price\":30,\"product_name\":\"Painting Supplies\",\"product_description\":[0]},{\"product_id\":3,\"product_quantity\":1,\"product_unit_price\":8,\"product_name\":\"Flooring\",\"product_description\":[0,1]},{\"product_id\":7,\"product_quantity\":1,\"product_unit_price\":800,\"product_name\":\"Interior Painting\",\"product_description\":[0]},{\"product_id\":11,\"product_quantity\":1,\"product_unit_price\":30.6,\"product_name\":\"Painting Supplies\",\"product_description\":[0]}]}]',863.60),('SPU001021','Lavile Condo Mr Bean v10','SPU001','2024-03-30 14:34:41','Alice Johnson','01110790813','Jalan Damai Perdana 1/5F, Phase 1, Kajang Municipal Council, Hulu Langat, Selangor, 56000, Malaysia',57.50,57.50,0.00,'banglow','2024-04-08 02:41:29','SPU001',NULL,'[{\"roomName\":\"room 1\",\"productList\":[{\"product_id\":4,\"product_quantity\":1,\"product_unit_price\":57.5,\"product_description\":[0]}]}]',17.50),('SPU001022','Lavile Condo Mr Bean v11','SPU001','2024-03-31 08:38:27','Mr Bean','0111111111','Jalan Damai Perdana 1/5F, Phase 1, Kajang Municipal Council, Hulu Langat, Selangor, 56000, Malaysia',5.50,105.50,100.00,'condo','2024-04-08 02:41:29','SPU001',NULL,'[{\"roomName\":\"living room\",\"productList\":[{\"product_id\":2,\"product_quantity\":2,\"product_unit_price\":23.5,\"product_name\":\"Painting Supplies (red)\",\"product_description\":[\"0\"]},{\"product_id\":3,\"product_quantity\":1,\"product_unit_price\":5.75,\"product_description\":[\"1\"]}]},{\"roomName\":\"room 3\",\"productList\":[{\"product_id\":2,\"product_quantity\":2,\"product_unit_price\":23.5,\"product_name\":\"Painting Supplies (red)\",\"product_description\":[\"0\"]},{\"product_id\":3,\"product_quantity\":1,\"product_unit_price\":5.75,\"product_description\":[\"1\"]}]}]',5.50),('SPU001023','Lavile Condo Mr Bean v12','SPU001','2024-03-31 13:00:31','Mr Bean','01110790813','Bandar Damai Perdana, Kajang Municipal Council, Hulu Langat, Selangor, 56000, Malaysia',162.50,172.50,10.00,'condo','2024-04-08 02:41:29','SPU001',NULL,'[{\"roomName\":\"living room\",\"productList\":[{\"product_id\":2,\"product_quantity\":1,\"product_unit_price\":23,\"product_description\":[0]},{\"product_id\":3,\"product_quantity\":1,\"product_unit_price\":5.75,\"product_description\":[0,1]},{\"product_id\":4,\"product_quantity\":1,\"product_unit_price\":57.5,\"product_description\":[0]}]},{\"roomName\":\"master bedroom\",\"productList\":[{\"product_id\":2,\"product_quantity\":1,\"product_unit_price\":23,\"product_description\":[0]},{\"product_id\":3,\"product_quantity\":1,\"product_unit_price\":5.75,\"product_description\":[0,1]},{\"product_id\":4,\"product_quantity\":1,\"product_unit_price\":57.5,\"product_description\":[0]}]}]',162.50),('SPU001024','Lavile Condo Mr Bean v13','SPU001','2024-04-01 00:05:26','Mr Bean','01110790813','Bandar Damai Perdana, Kajang Municipal Council, Hulu Langat, Selangor, 56000, Malaysia',108.90,118.90,10.00,'condo','2024-04-08 02:41:29','SPU001',NULL,'[{\"roomName\":\"living room\",\"productList\":[{\"product_id\":2,\"product_quantity\":1,\"product_unit_price\":23,\"product_description\":[0]},{\"product_id\":3,\"product_quantity\":1,\"product_unit_price\":5.75,\"product_description\":[0,1]},{\"product_id\":4,\"product_quantity\":1,\"product_unit_price\":58.5,\"product_description\":[0]}]},{\"roomName\":\"master bedroom\",\"productList\":[{\"product_id\":2,\"product_quantity\":1,\"product_unit_price\":23,\"product_description\":[0]},{\"product_id\":3,\"product_quantity\":1,\"product_unit_price\":5.75,\"product_description\":[0,1]},{\"product_id\":5,\"product_quantity\":1,\"product_unit_price\":2.9,\"product_description\":[0]}]}]',98.90),('SPU001026','Lavile Condo Mr Bean v16','SPU001','2024-04-01 00:24:33','Mr Davis','01110790813','Pandan Perdana, Ampang, Ampang Jaya Municipal Council, Hulu Langat, 55300, Malaysia',3600.00,3600.00,0.00,'shoplot','2024-04-08 05:37:31','SPU001',NULL,'[{\"roomName\":\"Living room\",\"productList\":[{\"product_id\":800,\"product_quantity\":4,\"product_unit_price\":360,\"product_description\":[0]}]},{\"roomName\":\"Bed room\",\"productList\":[{\"product_id\":800,\"product_quantity\":6,\"product_unit_price\":360,\"product_description\":[0]}]}]',2600.00),('SPU001028','YPC college (finalize)','SPU001','2024-04-01 01:19:22','Mr Ivan','01110790813','Wisma YPC, Jalan 13/91, Maluri, Kuala Lumpur, 51500, Malaysia',158.75,167.75,9.00,'mall','2024-04-13 03:23:55','SPU001',NULL,'[{\"roomName\":\"t4-3 class\",\"productList\":[{\"product_id\":2,\"product_quantity\":1,\"product_unit_price\":23,\"product_name\":\"Painting Supplies\",\"product_description\":[0]},{\"product_id\":3,\"product_quantity\":2,\"product_unit_price\":5.75,\"product_name\":\"Flooring\",\"product_description\":[0,1]},{\"product_id\":801,\"product_quantity\":1,\"product_unit_price\":35,\"product_name\":\"Nippon Painting \",\"product_description\":[0]}]},{\"roomName\":\"t4-4 class\",\"productList\":[{\"product_id\":3,\"product_quantity\":1,\"product_unit_price\":5.75,\"product_description\":[0,1]},{\"product_id\":4,\"product_quantity\":1,\"product_unit_price\":57.5,\"product_description\":[0]},{\"product_id\":801,\"product_quantity\":1,\"product_unit_price\":35,\"product_description\":[0]}]}]',0.00),('SPU001029','Project 1 v1 Mr Lee','SPU001','2024-04-13 06:35:46','Lee Kai Xee','0123456789','Jalan Damai Perdana 1/5F, Phase 1, Kajang Municipal Council, Hulu Langat, Selangor, 56000, Malaysia',1310.87,1328.36,17.49,'terrace','2024-04-13 06:37:10','SPU001',NULL,'[{\"roomName\":\"living room\",\"productList\":[{\"product_id\":2,\"product_quantity\":1,\"product_unit_price\":23,\"product_description\":[0]},{\"product_id\":3,\"product_quantity\":1,\"product_unit_price\":5.85,\"product_description\":[\"1\"]},{\"product_id\":4,\"product_quantity\":1,\"product_unit_price\":57.5,\"product_description\":[0]},{\"product_id\":5,\"product_quantity\":1,\"product_unit_price\":2.88,\"product_description\":[0]},{\"product_id\":6,\"product_quantity\":1,\"product_unit_price\":34.5,\"product_description\":[0,1]},{\"product_id\":8,\"product_quantity\":1,\"product_unit_price\":253,\"product_description\":[0]}]},{\"roomName\":\"main kitchen \",\"productList\":[{\"product_id\":2,\"product_quantity\":1,\"product_unit_price\":23,\"product_description\":[0]},{\"product_id\":3,\"product_quantity\":1,\"product_unit_price\":5.75,\"product_description\":[0,1]},{\"product_id\":4,\"product_quantity\":1,\"product_unit_price\":57.5,\"product_description\":[0]},{\"product_id\":5,\"product_quantity\":1,\"product_unit_price\":2.88,\"product_description\":[0]},{\"product_id\":6,\"product_quantity\":1,\"product_unit_price\":34.5,\"product_description\":[0,1]},{\"product_id\":7,\"product_quantity\":1,\"product_unit_price\":575,\"product_description\":[0]},{\"product_id\":8,\"product_quantity\":1,\"product_unit_price\":253,\"product_description\":[0]}]}]',810.87),('SPU001030','Project 1 Mr Lee (finalize)','SPU001','2024-04-13 06:34:22','Lee Kai Xee','0123456789','Jalan Damai Perdana 1/5F, Phase 1, Kajang Municipal Council, Hulu Langat, Selangor, 56000, Malaysia',891.36,891.36,0.00,'terrace','2024-04-13 06:34:22','SPU001',NULL,'[{\"roomName\":\"living room\",\"productList\":[{\"product_id\":2,\"product_quantity\":1,\"product_unit_price\":23,\"product_description\":[0]},{\"product_id\":3,\"product_quantity\":1,\"product_unit_price\":5.85,\"product_description\":[\"1\"]},{\"product_id\":4,\"product_quantity\":1,\"product_unit_price\":57.5,\"product_description\":[0]},{\"product_id\":5,\"product_quantity\":1,\"product_unit_price\":2.88,\"product_description\":[0]},{\"product_id\":6,\"product_quantity\":1,\"product_unit_price\":34.5,\"product_description\":[0,1]},{\"product_id\":8,\"product_quantity\":1,\"product_unit_price\":253,\"product_description\":[0]}]},{\"roomName\":\"main kitchen \",\"productList\":[{\"product_id\":2,\"product_quantity\":1,\"product_unit_price\":23,\"product_description\":[0]},{\"product_id\":3,\"product_quantity\":1,\"product_unit_price\":5.75,\"product_description\":[0,1]},{\"product_id\":4,\"product_quantity\":1,\"product_unit_price\":57.5,\"product_description\":[0]},{\"product_id\":5,\"product_quantity\":1,\"product_unit_price\":2.88,\"product_description\":[0]},{\"product_id\":6,\"product_quantity\":1,\"product_unit_price\":34.5,\"product_description\":[0,1]},{\"product_id\":8,\"product_quantity\":1,\"product_unit_price\":253,\"product_description\":[0]},{\"product_id\":9,\"product_quantity\":1,\"product_unit_price\":115,\"product_description\":[0]},{\"product_id\":10,\"product_quantity\":1,\"product_unit_price\":23,\"product_description\":[0]}]}]',891.36),('SPU001031','BDP Mr Bean v1','SPU001','2024-04-14 06:46:13','Mr Bean','0123456789','5, Jalan Damai Perdana 1/7b, Phase 1, Kajang Municipal Council, Hulu Langat, Selangor, 56000, Malaysia',278.00,278.88,0.88,'condo','2024-04-14 06:49:31','SPU001',NULL,'[{\"roomName\":\"living room\",\"productList\":[{\"product_id\":9,\"product_quantity\":1,\"product_unit_price\":115,\"product_description\":[0]},{\"product_id\":803,\"product_quantity\":1,\"product_unit_price\":23,\"product_description\":[0]}]},{\"roomName\":\"main kitchen \",\"productList\":[{\"product_id\":5,\"product_quantity\":1,\"product_unit_price\":2.88,\"product_description\":[0]},{\"product_id\":9,\"product_quantity\":1,\"product_unit_price\":115,\"product_description\":[0]},{\"product_id\":803,\"product_quantity\":1,\"product_unit_price\":23,\"product_description\":[0]}]}]',178.00);
/*!40000 ALTER TABLE `project` ENABLE KEYS */;
UNLOCK TABLES;

--
-- Table structure for table `project_order`
--

DROP TABLE IF EXISTS `project_order`;
/*!40101 SET @saved_cs_client     = @@character_set_client */;
/*!50503 SET character_set_client = utf8mb4 */;
CREATE TABLE `project_order` (
  `project_order_id` int NOT NULL AUTO_INCREMENT,
  `supplier_id` int NOT NULL,
  `project_id` varchar(20) NOT NULL,
  `project_order_subtotal` decimal(15,2) NOT NULL,
  `project_order_total_paid` decimal(15,2) NOT NULL DEFAULT '0.00',
  `project_order_product_lists` longtext NOT NULL,
  `project_order_status` varchar(255) NOT NULL DEFAULT 'Under process',
  `pic_id` varchar(255) NOT NULL,
  `project_order_delivery_date` date DEFAULT NULL,
  `project_order_remark` text,
  PRIMARY KEY (`project_order_id`),
  KEY `supplier_id` (`supplier_id`),
  KEY `project_id` (`project_id`),
  KEY `pic_id` (`pic_id`),
  CONSTRAINT `project_order_ibfk_1` FOREIGN KEY (`supplier_id`) REFERENCES `supplier` (`supplier_id`),
  CONSTRAINT `project_order_ibfk_2` FOREIGN KEY (`project_id`) REFERENCES `project` (`project_id`),
  CONSTRAINT `project_order_ibfk_3` FOREIGN KEY (`pic_id`) REFERENCES `user` (`user_id`),
  CONSTRAINT `pic_id_check` CHECK (((`pic_id` like _utf8mb4'SPU%') or (`pic_id` like _utf8mb4'AMD%')))
) ENGINE=InnoDB AUTO_INCREMENT=57 DEFAULT CHARSET=utf8mb4 COLLATE=utf8mb4_0900_ai_ci;
/*!40101 SET character_set_client = @saved_cs_client */;

--
-- Dumping data for table `project_order`
--

LOCK TABLES `project_order` WRITE;
/*!40000 ALTER TABLE `project_order` DISABLE KEYS */;
INSERT INTO `project_order` VALUES (1,6,'SPU001001',40.00,0.00,'[{\"product_id\":2,\"total_quantity\":2,\"unit_cost\":20}]','Paid','SPU001','2024-03-31',NULL),(25,5,'SPU001003',725.00,0.00,'[{\"product_id\":3,\"total_quantity\":3,\"unit_cost\":5},{\"product_id\":8,\"total_quantity\":3,\"unit_cost\":220},{\"product_id\":4,\"total_quantity\":1,\"unit_cost\":50}]','Paid','SPU001','2024-03-31',NULL),(26,6,'SPU001003',1590.00,0.00,'[{\"product_id\":2,\"total_quantity\":3,\"unit_cost\":20},{\"product_id\":7,\"total_quantity\":3,\"unit_cost\":500},{\"product_id\":6,\"total_quantity\":1,\"unit_cost\":30}]','Order confirm','SPU001','2024-03-31',NULL),(27,8,'SPU001003',302.50,0.00,'[{\"product_id\":9,\"total_quantity\":3,\"unit_cost\":100},{\"product_id\":5,\"total_quantity\":1,\"unit_cost\":2.5}]','Proceed to order','SPU001','2024-03-31',NULL),(28,5,'SPU001009',6600.00,0.00,'[{\"product_id\":8,\"total_quantity\":30,\"unit_cost\":220}]','Ready to pick-up','SPU001','2024-03-31',NULL),(29,8,'SPU001009',3000.00,0.00,'[{\"product_id\":9,\"total_quantity\":30,\"unit_cost\":100}]','Proceed to order','SPU001','2024-03-31',NULL),(30,6,'SPU001009',15000.00,0.00,'[{\"product_id\":7,\"total_quantity\":30,\"unit_cost\":500}]','Proceed to order','SPU001','2024-03-31',NULL),(31,4,'SPU001011',40.00,0.00,'[{\"product_id\":11,\"total_quantity\":2,\"unit_cost\":20}]','Proceed to order','SPU001','2024-03-31',NULL),(32,5,'SPU001011',300.00,0.00,'[{\"product_id\":4,\"total_quantity\":6,\"unit_cost\":50}]','Paid','SPU001','2024-03-31',NULL),(33,6,'SPU001011',1120.00,0.00,'[{\"product_id\":2,\"total_quantity\":6,\"unit_cost\":20},{\"product_id\":7,\"total_quantity\":2,\"unit_cost\":500}]','Under process','SPU001',NULL,''),(34,6,'SPU001012',540.00,0.00,'[{\"product_id\":2,\"total_quantity\":2,\"unit_cost\":20},{\"product_id\":7,\"total_quantity\":1,\"unit_cost\":500}]','Proceed to order','SPU001','2024-03-31',NULL),(35,4,'SPU001012',20.00,0.00,'[{\"product_id\":11,\"total_quantity\":1,\"unit_cost\":20}]','Under process','SPU001',NULL,NULL),(36,5,'SPU001012',5.00,5.00,'[{\"product_id\":3,\"total_quantity\":1,\"unit_cost\":5}]','Paid','SPU001','2024-03-31',NULL),(37,5,'SPU001021',50.00,0.00,'[{\"product_id\":4,\"total_quantity\":1,\"unit_cost\":50}]','Proceed to order','SPU001','2024-03-31','fragile, please delivery it savely'),(38,5,'SPU001022',10.00,0.00,'[{\"product_id\":3,\"total_quantity\":2,\"unit_cost\":5}]','Order confirm','SPU001','2024-04-10','please be fast'),(39,6,'SPU001022',80.00,0.00,'[{\"product_id\":2,\"total_quantity\":4,\"unit_cost\":20}]','Paid','SPU001',NULL,NULL),(40,5,'SPU001023',110.00,0.00,'[{\"product_id\":3,\"total_quantity\":2,\"unit_cost\":5},{\"product_id\":4,\"total_quantity\":2,\"unit_cost\":50}]','Ready to pick-up','SPU001','2024-04-10','ask for best price'),(41,6,'SPU001023',40.00,0.00,'[{\"product_id\":2,\"total_quantity\":2,\"unit_cost\":20}]','Under process','SPU001',NULL,NULL),(44,6,'SPU001024',40.00,0.00,'[{\"product_id\":2,\"total_quantity\":2,\"unit_cost\":20}]','Proceed to order','SPU001','2024-04-10','Fragile, please becareful '),(45,5,'SPU001024',60.00,0.00,'[{\"product_id\":3,\"total_quantity\":2,\"unit_cost\":5},{\"product_id\":4,\"total_quantity\":1,\"unit_cost\":50}]','Under process','SPU001',NULL,NULL),(46,8,'SPU001024',2.50,0.00,'[{\"product_id\":5,\"total_quantity\":1,\"unit_cost\":2.5}]','Under process','SPU001',NULL,NULL),(47,77,'SPU001026',3000.00,3000.00,'[{\"product_id\":800,\"total_quantity\":10,\"unit_cost\":300}]','Paid','SPU001','2024-04-05','This customer is very good'),(48,78,'SPU001028',60.00,80.00,'[{\"product_id\":801,\"total_quantity\":2,\"unit_cost\":30}]','Paid','SPU001','2024-04-10','Painting blue'),(49,5,'SPU001028',60.00,60.00,'[{\"product_id\":3,\"total_quantity\":2,\"unit_cost\":5},{\"product_id\":4,\"total_quantity\":1,\"unit_cost\":50}]','Paid','SPU001',NULL,NULL),(50,5,'SPU001028',15.00,0.00,'[{\"product_id\":3,\"total_quantity\":3,\"unit_cost\":5}]','Under process','SPU001',NULL,NULL),(51,6,'SPU001028',20.00,0.00,'[{\"product_id\":2,\"total_quantity\":1,\"unit_cost\":20}]','Under process','SPU001',NULL,NULL),(52,5,'SPU001029',550.00,0.00,'[{\"product_id\":3,\"total_quantity\":2,\"unit_cost\":5},{\"product_id\":4,\"total_quantity\":2,\"unit_cost\":50},{\"product_id\":8,\"total_quantity\":2,\"unit_cost\":220}]','Proceed to order','SPU001','2024-04-23','Keep material aways from water'),(53,6,'SPU001029',600.00,0.00,'[{\"product_id\":2,\"total_quantity\":2,\"unit_cost\":20},{\"product_id\":6,\"total_quantity\":2,\"unit_cost\":30},{\"product_id\":7,\"total_quantity\":1,\"unit_cost\":500}]','Under process','SPU001',NULL,NULL),(54,8,'SPU001029',5.00,0.00,'[{\"product_id\":5,\"total_quantity\":2,\"unit_cost\":2.5}]','Under process','SPU001',NULL,NULL),(55,8,'SPU001031',202.50,0.00,'[{\"product_id\":9,\"total_quantity\":2,\"unit_cost\":100},{\"product_id\":5,\"total_quantity\":1,\"unit_cost\":2.5}]','Under process','SPU001',NULL,NULL),(56,81,'SPU001031',40.00,0.00,'[{\"product_id\":803,\"total_quantity\":2,\"unit_cost\":20}]','Proceed to order','SPU001','2024-04-24','Make sure the labour is expert');
/*!40000 ALTER TABLE `project_order` ENABLE KEYS */;
UNLOCK TABLES;

--
-- Table structure for table `quotation`
--

DROP TABLE IF EXISTS `quotation`;
/*!40101 SET @saved_cs_client     = @@character_set_client */;
/*!50503 SET character_set_client = utf8mb4 */;
CREATE TABLE `quotation` (
  `quote_id` varchar(255) NOT NULL,
  `quote_name` varchar(255) NOT NULL,
  `created_at` timestamp NULL DEFAULT CURRENT_TIMESTAMP,
  `quote_client_name` varchar(255) NOT NULL,
  `quote_client_contact` varchar(14) NOT NULL,
  `quote_address` varchar(255) NOT NULL,
  `pic_id` varchar(10) DEFAULT NULL,
  `quote_product_lists` longtext,
  `quote_sub_total` decimal(15,2) NOT NULL,
  `quote_prop_type` varchar(10) NOT NULL,
  `quote_discount` decimal(15,2) NOT NULL,
  `last_edit_time` timestamp NULL DEFAULT CURRENT_TIMESTAMP ON UPDATE CURRENT_TIMESTAMP,
  PRIMARY KEY (`quote_id`),
  KEY `pic_id` (`pic_id`),
  CONSTRAINT `quotation_ibfk_1` FOREIGN KEY (`pic_id`) REFERENCES `user` (`user_id`)
) ENGINE=InnoDB DEFAULT CHARSET=utf8mb4 COLLATE=utf8mb4_0900_ai_ci;
/*!40101 SET character_set_client = @saved_cs_client */;

--
-- Dumping data for table `quotation`
--

LOCK TABLES `quotation` WRITE;
/*!40000 ALTER TABLE `quotation` DISABLE KEYS */;
INSERT INTO `quotation` VALUES ('SPU001001','Lavile Condo Mr Bean v1','2024-02-23 05:36:25','Mr Bean','01110790813','1Shamelin Shopping Mall, Jalan Perdana Utama, Maluri, Kuala Lumpur, 55300, Malaysia','SPU001','[{\"roomName\":\"room 1\",\"productList\":[{\"product_id\":2,\"product_quantity\":2,\"product_unit_price\":30,\"product_name\":\"Painting Supplies\",\"product_description\":[0]}]}]',60.00,'condo',0.00,'2024-04-08 02:40:59'),('SPU001002','Lavile Condo Mr Bean v2','2024-02-27 03:30:48','Mr Bean','01110790813','1Shamelin Shopping Mall, Jalan Perdana Utama, Maluri, Kuala Lumpur, 55300, Malaysia','SPU001','[{\"roomName\":\"room 1\",\"productList\":[{\"product_id\":2,\"product_quantity\":1,\"product_unit_price\":30,\"product_name\":\"Painting Supplies\",\"product_description\":[0]},{\"product_id\":3,\"product_quantity\":1,\"product_unit_price\":8,\"product_name\":\"Flooring\",\"product_description\":[0,1]},{\"product_id\":4,\"product_quantity\":1,\"product_unit_price\":80,\"product_name\":\"Light Fixture\",\"product_description\":[0]}]},{\"roomName\":\"room 2\",\"productList\":[{\"product_id\":7,\"product_quantity\":1,\"product_unit_price\":800,\"product_name\":\"Interior Painting\",\"product_description\":[0]},{\"product_id\":8,\"product_quantity\":1,\"product_unit_price\":350,\"product_name\":\"Electrical Fixture Installation\",\"product_description\":[0]},{\"product_id\":9,\"product_quantity\":2,\"product_unit_price\":200,\"product_name\":\"Wallpaper installation\",\"product_description\":[0]},{\"product_id\":10,\"product_quantity\":2,\"product_unit_price\":30,\"product_name\":\"Something else\",\"product_description\":[0]},{\"product_id\":11,\"product_quantity\":2,\"product_unit_price\":30.6,\"product_name\":\"Painting Supplies\",\"product_description\":[0]}]}]',1789.20,'shoplot',0.00,'2024-04-08 02:40:59'),('SPU001003','Lavile Condo Mr Bean v3','2024-02-27 07:23:50','Mr Bean','01110790813','1Shamelin Shopping Mall, Jalan Perdana Utama, Maluri, Kuala Lumpur, 55300, Malaysia','SPU001','[{\"roomName\":\"room 1\",\"productList\":[{\"product_id\":2,\"product_quantity\":1,\"product_unit_price\":30,\"product_name\":\"Painting Supplies\",\"product_description\":[0]},{\"product_id\":3,\"product_quantity\":1,\"product_unit_price\":8,\"product_name\":\"Flooring\",\"product_description\":[0,1]},{\"product_id\":7,\"product_quantity\":1,\"product_unit_price\":800,\"product_name\":\"Interior Painting\",\"product_description\":[0]},{\"product_id\":8,\"product_quantity\":1,\"product_unit_price\":350,\"product_name\":\"Electrical Fixture Installation\",\"product_description\":[0]},{\"product_id\":9,\"product_quantity\":1,\"product_unit_price\":200,\"product_name\":\"Wallpaper installation\",\"product_description\":[0]}]},{\"roomName\":\"room 2\",\"productList\":[{\"product_id\":2,\"product_quantity\":1,\"product_unit_price\":30,\"product_name\":\"Painting Supplies\",\"product_description\":[0]},{\"product_id\":3,\"product_quantity\":1,\"product_unit_price\":8,\"product_name\":\"Flooring\",\"product_description\":[0,1]},{\"product_id\":7,\"product_quantity\":1,\"product_unit_price\":800,\"product_name\":\"Interior Painting\",\"product_description\":[0]},{\"product_id\":8,\"product_quantity\":1,\"product_unit_price\":350,\"product_name\":\"Electrical Fixture Installation\",\"product_description\":[0]},{\"product_id\":9,\"product_quantity\":1,\"product_unit_price\":200,\"product_name\":\"Wallpaper installation\",\"product_description\":[0]}]},{\"roomName\":\"room 3\",\"productList\":[{\"product_id\":2,\"product_quantity\":1,\"product_unit_price\":30,\"product_name\":\"Painting Supplies\",\"product_description\":[0]},{\"product_id\":3,\"product_quantity\":1,\"product_unit_price\":8,\"product_name\":\"Flooring\",\"product_description\":[0,1]},{\"product_id\":4,\"product_quantity\":1,\"product_unit_price\":80,\"product_name\":\"Light Fixture\",\"product_description\":[0]},{\"product_id\":5,\"product_quantity\":1,\"product_unit_price\":5,\"product_name\":\"Cabinet Hardware\",\"product_description\":[0]},{\"product_id\":6,\"product_quantity\":1,\"product_unit_price\":45,\"product_name\":\"Wallpaper\",\"product_description\":[0,1]},{\"product_id\":7,\"product_quantity\":1,\"product_unit_price\":800,\"product_name\":\"Interior Painting\",\"product_description\":[0]},{\"product_id\":8,\"product_quantity\":1,\"product_unit_price\":350,\"product_name\":\"Electrical Fixture Installation\",\"product_description\":[0]},{\"product_id\":9,\"product_quantity\":1,\"product_unit_price\":200,\"product_name\":\"Wallpaper installation\",\"product_description\":[0]}]}]',4294.00,'shoplot',0.00,'2024-04-08 02:40:59'),('SPU001004','Lavile Condo Mr Bean v4','2024-03-07 01:11:28','Mr Bean','01110790813','Jalan Perdana 3/6, Pandan Perdana, Ampang, Ampang Jaya Municipal Council, Hulu Langat, 55300, Malaysia','SPU001','[{\"roomName\":\"room 1\",\"productList\":[{\"product_id\":2,\"product_quantity\":2,\"product_unit_price\":30,\"product_name\":\"Painting Supplies\",\"product_description\":[0]},{\"product_id\":3,\"product_quantity\":1,\"product_unit_price\":8,\"product_name\":\"Flooring\",\"product_description\":[0,1]},{\"product_id\":7,\"product_quantity\":1,\"product_unit_price\":800,\"product_name\":\"Interior Painting\",\"product_description\":[0]},{\"product_id\":11,\"product_quantity\":1,\"product_unit_price\":30.6,\"product_name\":\"Painting Supplies\",\"product_description\":[0]}]}]',898.60,'shoplot',10.00,'2024-04-08 02:40:59'),('SPU001005','Lavile Condo Mr Bean v5','2024-03-07 01:18:16','Mr Bean','01110790813','Jalan Perdana 3/6, Pandan Perdana, Ampang, Ampang Jaya Municipal Council, Hulu Langat, 55300, Malaysia','SPU001','[{\"roomName\":\"room 1\",\"productList\":[{\"product_id\":2,\"product_quantity\":1,\"product_unit_price\":30,\"product_name\":\"Painting Supplies\",\"product_description\":[0]},{\"product_id\":3,\"product_quantity\":1,\"product_unit_price\":8,\"product_name\":\"Flooring\",\"product_description\":[0,1]},{\"product_id\":4,\"product_quantity\":1,\"product_unit_price\":80,\"product_name\":\"Light Fixture\",\"product_description\":[0]}]},{\"roomName\":\"room 2\",\"productList\":[{\"product_id\":2,\"product_quantity\":1,\"product_unit_price\":30,\"product_name\":\"Painting Supplies\",\"product_description\":[0]},{\"product_id\":3,\"product_quantity\":1,\"product_unit_price\":8,\"product_name\":\"Flooring\",\"product_description\":[0,1]},{\"product_id\":4,\"product_quantity\":1,\"product_unit_price\":80,\"product_name\":\"Light Fixture\",\"product_description\":[0]},{\"product_id\":6,\"product_quantity\":1,\"product_unit_price\":45,\"product_name\":\"Wallpaper\",\"product_description\":[0,1]},{\"product_id\":7,\"product_quantity\":1,\"product_unit_price\":800,\"product_name\":\"Interior Painting\",\"product_description\":[0]}]},{\"roomName\":\"room 3\",\"productList\":[{\"product_id\":2,\"product_quantity\":4,\"product_unit_price\":30,\"product_name\":\"Painting Supplies\",\"product_description\":[0]},{\"product_id\":3,\"product_quantity\":4,\"product_unit_price\":8,\"product_name\":\"Flooring\",\"product_description\":[0,1]},{\"product_id\":4,\"product_quantity\":1,\"product_unit_price\":80,\"product_name\":\"Light Fixture\",\"product_description\":[0]},{\"product_id\":7,\"product_quantity\":7,\"product_unit_price\":800,\"product_name\":\"Interior Painting\",\"product_description\":[0]},{\"product_id\":8,\"product_quantity\":1,\"product_unit_price\":350,\"product_name\":\"Electrical Fixture Installation\",\"product_description\":[0]},{\"product_id\":9,\"product_quantity\":1,\"product_unit_price\":200,\"product_name\":\"Wallpaper installation\",\"product_description\":[0]}]}]',7463.00,'shoplot',100.00,'2024-04-08 02:40:59'),('SPU001006','Lavile Condo Mr Bean v5','2024-03-07 01:18:24','Mr Bean','01110790813','Jalan Perdana 3/6, Pandan Perdana, Ampang, Ampang Jaya Municipal Council, Hulu Langat, 55300, Malaysia','SPU001','[{\"roomName\":\"room 1\",\"productList\":[{\"product_id\":2,\"product_quantity\":1,\"product_unit_price\":30,\"product_name\":\"Painting Supplies\",\"product_description\":[0]},{\"product_id\":3,\"product_quantity\":1,\"product_unit_price\":8,\"product_name\":\"Flooring\",\"product_description\":[0,1]},{\"product_id\":4,\"product_quantity\":1,\"product_unit_price\":80,\"product_name\":\"Light Fixture\",\"product_description\":[0]}]},{\"roomName\":\"room 2\",\"productList\":[{\"product_id\":2,\"product_quantity\":1,\"product_unit_price\":30,\"product_name\":\"Painting Supplies\",\"product_description\":[0]},{\"product_id\":3,\"product_quantity\":1,\"product_unit_price\":8,\"product_name\":\"Flooring\",\"product_description\":[0,1]},{\"product_id\":4,\"product_quantity\":1,\"product_unit_price\":80,\"product_name\":\"Light Fixture\",\"product_description\":[0]},{\"product_id\":6,\"product_quantity\":1,\"product_unit_price\":45,\"product_name\":\"Wallpaper\",\"product_description\":[0,1]},{\"product_id\":7,\"product_quantity\":1,\"product_unit_price\":800,\"product_name\":\"Interior Painting\",\"product_description\":[0]}]},{\"roomName\":\"room 3\",\"productList\":[{\"product_id\":2,\"product_quantity\":4,\"product_unit_price\":30,\"product_name\":\"Painting Supplies\",\"product_description\":[0]},{\"product_id\":3,\"product_quantity\":4,\"product_unit_price\":8,\"product_name\":\"Flooring\",\"product_description\":[0,1]},{\"product_id\":4,\"product_quantity\":1,\"product_unit_price\":80,\"product_name\":\"Light Fixture\",\"product_description\":[0]},{\"product_id\":7,\"product_quantity\":7,\"product_unit_price\":800,\"product_name\":\"Interior Painting\",\"product_description\":[0]},{\"product_id\":8,\"product_quantity\":1,\"product_unit_price\":350,\"product_name\":\"Electrical Fixture Installation\",\"product_description\":[0]},{\"product_id\":9,\"product_quantity\":1,\"product_unit_price\":200,\"product_name\":\"Wallpaper installation\",\"product_description\":[0]}]}]',7463.00,'shoplot',100.00,'2024-04-08 02:40:59'),('SPU001007','Lavile Condo Mr Bean v5','2024-03-07 01:19:03','Mr Bean','01110790813','Jalan Perdana 3/6, Pandan Perdana, Ampang, Ampang Jaya Municipal Council, Hulu Langat, 55300, Malaysia','SPU001','[{\"roomName\":\"room 1\",\"productList\":[{\"product_id\":2,\"product_quantity\":1,\"product_unit_price\":30,\"product_name\":\"Painting Supplies\",\"product_description\":[0]},{\"product_id\":3,\"product_quantity\":1,\"product_unit_price\":8,\"product_name\":\"Flooring\",\"product_description\":[0,1]},{\"product_id\":4,\"product_quantity\":1,\"product_unit_price\":80,\"product_name\":\"Light Fixture\",\"product_description\":[0]}]},{\"roomName\":\"room 2\",\"productList\":[{\"product_id\":2,\"product_quantity\":1,\"product_unit_price\":30,\"product_name\":\"Painting Supplies\",\"product_description\":[0]},{\"product_id\":3,\"product_quantity\":1,\"product_unit_price\":8,\"product_name\":\"Flooring\",\"product_description\":[0,1]},{\"product_id\":4,\"product_quantity\":1,\"product_unit_price\":80,\"product_name\":\"Light Fixture\",\"product_description\":[0]},{\"product_id\":6,\"product_quantity\":1,\"product_unit_price\":45,\"product_name\":\"Wallpaper\",\"product_description\":[0,1]},{\"product_id\":7,\"product_quantity\":1,\"product_unit_price\":800,\"product_name\":\"Interior Painting\",\"product_description\":[0]}]},{\"roomName\":\"room 3\",\"productList\":[{\"product_id\":2,\"product_quantity\":4,\"product_unit_price\":30,\"product_name\":\"Painting Supplies\",\"product_description\":[0]},{\"product_id\":3,\"product_quantity\":4,\"product_unit_price\":8,\"product_name\":\"Flooring\",\"product_description\":[0,1]},{\"product_id\":4,\"product_quantity\":1,\"product_unit_price\":80,\"product_name\":\"Light Fixture\",\"product_description\":[0]},{\"product_id\":7,\"product_quantity\":7,\"product_unit_price\":800,\"product_name\":\"Interior Painting\",\"product_description\":[0]},{\"product_id\":8,\"product_quantity\":1,\"product_unit_price\":350,\"product_name\":\"Electrical Fixture Installation\",\"product_description\":[0]},{\"product_id\":9,\"product_quantity\":1,\"product_unit_price\":200,\"product_name\":\"Wallpaper installation\",\"product_description\":[0]}]}]',7463.00,'shoplot',100.00,'2024-04-08 02:40:59'),('SPU001008','Lavile Condo Mr Bean v5','2024-03-07 01:19:04','Mr Bean','01110790813','Jalan Perdana 3/6, Pandan Perdana, Ampang, Ampang Jaya Municipal Council, Hulu Langat, 55300, Malaysia','SPU001','[{\"roomName\":\"room 1\",\"productList\":[{\"product_id\":2,\"product_quantity\":1,\"product_unit_price\":30,\"product_name\":\"Painting Supplies\",\"product_description\":[0]},{\"product_id\":3,\"product_quantity\":1,\"product_unit_price\":8,\"product_name\":\"Flooring\",\"product_description\":[0,1]},{\"product_id\":4,\"product_quantity\":1,\"product_unit_price\":80,\"product_name\":\"Light Fixture\",\"product_description\":[0]}]},{\"roomName\":\"room 2\",\"productList\":[{\"product_id\":2,\"product_quantity\":1,\"product_unit_price\":30,\"product_name\":\"Painting Supplies\",\"product_description\":[0]},{\"product_id\":3,\"product_quantity\":1,\"product_unit_price\":8,\"product_name\":\"Flooring\",\"product_description\":[0,1]},{\"product_id\":4,\"product_quantity\":1,\"product_unit_price\":80,\"product_name\":\"Light Fixture\",\"product_description\":[0]},{\"product_id\":6,\"product_quantity\":1,\"product_unit_price\":45,\"product_name\":\"Wallpaper\",\"product_description\":[0,1]},{\"product_id\":7,\"product_quantity\":1,\"product_unit_price\":800,\"product_name\":\"Interior Painting\",\"product_description\":[0]}]},{\"roomName\":\"room 3\",\"productList\":[{\"product_id\":2,\"product_quantity\":4,\"product_unit_price\":30,\"product_name\":\"Painting Supplies\",\"product_description\":[0]},{\"product_id\":3,\"product_quantity\":4,\"product_unit_price\":8,\"product_name\":\"Flooring\",\"product_description\":[0,1]},{\"product_id\":4,\"product_quantity\":1,\"product_unit_price\":80,\"product_name\":\"Light Fixture\",\"product_description\":[0]},{\"product_id\":7,\"product_quantity\":7,\"product_unit_price\":800,\"product_name\":\"Interior Painting\",\"product_description\":[0]},{\"product_id\":8,\"product_quantity\":1,\"product_unit_price\":350,\"product_name\":\"Electrical Fixture Installation\",\"product_description\":[0]},{\"product_id\":9,\"product_quantity\":1,\"product_unit_price\":200,\"product_name\":\"Wallpaper installation\",\"product_description\":[0]}]}]',7463.00,'shoplot',100.00,'2024-04-08 02:40:59'),('SPU001009','Lavile Condo Mr Bean v5','2024-03-07 01:21:07','Mr Bean','01110790813','Jalan Perdana 3/6, Pandan Perdana, Ampang, Ampang Jaya Municipal Council, Hulu Langat, 55300, Malaysia','SPU001','[{\"roomName\":\"room 1\",\"productList\":[{\"product_id\":7,\"product_quantity\":6,\"product_unit_price\":800,\"product_description\":[0]},{\"product_id\":8,\"product_quantity\":6,\"product_unit_price\":350,\"product_description\":[0]},{\"product_id\":9,\"product_quantity\":6,\"product_unit_price\":200,\"product_description\":[0]}]},{\"roomName\":\"room 2\",\"productList\":[{\"product_id\":7,\"product_quantity\":6,\"product_unit_price\":800,\"product_description\":[0]},{\"product_id\":8,\"product_quantity\":6,\"product_unit_price\":350,\"product_description\":[0]},{\"product_id\":9,\"product_quantity\":6,\"product_unit_price\":200,\"product_description\":[0]}]},{\"roomName\":\"living room\",\"productList\":[{\"product_id\":7,\"product_quantity\":6,\"product_unit_price\":800,\"product_description\":[0]},{\"product_id\":8,\"product_quantity\":6,\"product_unit_price\":350,\"product_description\":[0]},{\"product_id\":9,\"product_quantity\":6,\"product_unit_price\":200,\"product_description\":[0]}]},{\"roomName\":\"room 4\",\"productList\":[{\"product_id\":7,\"product_quantity\":6,\"product_unit_price\":800,\"product_description\":[0]},{\"product_id\":8,\"product_quantity\":6,\"product_unit_price\":350,\"product_description\":[0]},{\"product_id\":9,\"product_quantity\":6,\"product_unit_price\":200,\"product_description\":[0]}]},{\"roomName\":\"room 5\",\"productList\":[{\"product_id\":7,\"product_quantity\":6,\"product_unit_price\":800,\"product_description\":[0]},{\"product_id\":8,\"product_quantity\":6,\"product_unit_price\":350,\"product_description\":[0]},{\"product_id\":9,\"product_quantity\":6,\"product_unit_price\":200,\"product_description\":[0]}]}]',40500.00,'shoplot',1000.00,'2024-04-08 02:40:59'),('SPU001010','Lavile Condo Mr Bean v6','2024-03-07 02:33:57','Mr Bean','01110790813','lake valley, lvl  Jalan Perdana Utama, Maluri, Kuala Lumpur, 55300, Malaysia','SPU001','[{\"roomName\":\"room 1\",\"productList\":[{\"product_id\":3,\"product_quantity\":1,\"product_unit_price\":8,\"product_description\":[0,1],\"product_name\":\"Flooring premium/sqft \"},{\"product_id\":4,\"product_quantity\":1,\"product_unit_price\":80,\"product_description\":[0]}]}]',88.00,'condo',0.00,'2024-04-08 02:40:59'),('SPU001011','Lavile Condo Mr Bean v4','2024-03-12 01:40:09','Mr Bean','01110790813','Jalan Perdana 3/6, Pandan Perdana, Ampang, Ampang Jaya Municipal Council, Hulu Langat, 55300, Malaysia','SPU001','[{\"roomName\":\"room 1\",\"productList\":[{\"product_id\":2,\"product_quantity\":2,\"product_unit_price\":30,\"product_name\":\"Painting Supplies\",\"product_description\":[0]},{\"product_id\":3,\"product_quantity\":1,\"product_unit_price\":8,\"product_name\":\"Flooring\",\"product_description\":[0,1]},{\"product_id\":7,\"product_quantity\":1,\"product_unit_price\":800,\"product_name\":\"Interior Painting\",\"product_description\":[0]},{\"product_id\":11,\"product_quantity\":1,\"product_unit_price\":30.6,\"product_name\":\"Painting Supplies\",\"product_description\":[0]}]}]',898.60,'shoplot',10.00,'2024-04-08 02:40:59'),('SPU001012','Lavile Condo Mr Bean v4','2024-03-12 01:49:39','Mr Bean','01110790813','Jalan Perdana 3/6, Pandan Perdana, Ampang, Ampang Jaya Municipal Council, Hulu Langat, 55300, Malaysia','SPU001','[{\"roomName\":\"room 1\",\"productList\":[{\"product_id\":2,\"product_quantity\":2,\"product_unit_price\":30,\"product_description\":[0]},{\"product_id\":3,\"product_quantity\":1,\"product_unit_price\":8,\"product_description\":[0,1]},{\"product_id\":7,\"product_quantity\":1,\"product_unit_price\":800,\"product_description\":[0]},{\"product_id\":11,\"product_quantity\":1,\"product_unit_price\":30.6,\"product_description\":[0]}]}]',898.60,'shoplot',10.00,'2024-04-08 02:40:59'),('SPU001013','Lavile Condo Mr Bean v4','2024-03-18 01:06:58','Mr Bean','01110790813','Jalan Perdana 3/6, Pandan Perdana, Ampang, Ampang Jaya Municipal Council, Hulu Langat, 55300, Malaysia','SPU001','[{\"roomName\":\"room 1\",\"productList\":[{\"product_id\":2,\"product_quantity\":2,\"product_unit_price\":30,\"product_description\":[0]},{\"product_id\":3,\"product_quantity\":1,\"product_unit_price\":10,\"product_name\":\"Flooring(white)\",\"product_description\":[0,1]},{\"product_id\":7,\"product_quantity\":1,\"product_unit_price\":800,\"product_description\":[0]},{\"product_id\":11,\"product_quantity\":1,\"product_unit_price\":30.6,\"product_description\":[0]}]},{\"roomName\":\"room 2\",\"productList\":[{\"product_id\":2,\"product_quantity\":2,\"product_unit_price\":30,\"product_description\":[0]},{\"product_id\":3,\"product_quantity\":1,\"product_unit_price\":10,\"product_name\":\"Flooring(white)\",\"product_description\":[0,1]},{\"product_id\":7,\"product_quantity\":1,\"product_unit_price\":800,\"product_description\":[0]},{\"product_id\":11,\"product_quantity\":1,\"product_unit_price\":30.6,\"product_description\":[0]}]},{\"roomName\":\"room 3\",\"productList\":[{\"product_id\":2,\"product_quantity\":2,\"product_unit_price\":30,\"product_description\":[0]},{\"product_id\":3,\"product_quantity\":1,\"product_unit_price\":10,\"product_name\":\"Flooring(white)\",\"product_description\":[0,1]},{\"product_id\":7,\"product_quantity\":1,\"product_unit_price\":800,\"product_description\":[0]},{\"product_id\":11,\"product_quantity\":1,\"product_unit_price\":30.6,\"product_description\":[0]}]},{\"roomName\":\"room 4\",\"productList\":[{\"product_id\":2,\"product_quantity\":2,\"product_unit_price\":30,\"product_description\":[0]},{\"product_id\":3,\"product_quantity\":1,\"product_unit_price\":10,\"product_name\":\"Flooring(white)\",\"product_description\":[0,1]},{\"product_id\":7,\"product_quantity\":1,\"product_unit_price\":800,\"product_description\":[0]},{\"product_id\":11,\"product_quantity\":1,\"product_unit_price\":30.6,\"product_description\":[0]}]}]',3602.40,'shoplot',10.00,'2024-04-08 02:40:59'),('SPU001014','Example Quote 1','2024-02-23 05:36:25','Mr Bean','01110790813','1Shamelin Shopping Mall, Jalan Perdana Utama, Maluri, Kuala Lumpur, 55300, Malaysia','SPU001','[{\"roomName\":\"room 1\",\"productList\":[{\"product_id\":2,\"product_quantity\":2,\"product_unit_price\":30,\"product_name\":\"Painting Supplies\",\"product_description\":[0]}]}]',60.00,'condo',0.00,'2024-04-08 02:40:59'),('SPU001015','Example Quote 2','2024-01-10 01:25:00','John Doe','0123456789','123 Main Street, City, Country','SPU001','[{\"roomName\":\"Living Room\",\"productList\":[{\"product_id\":5,\"product_quantity\":1,\"product_unit_price\":50,\"product_name\":\"Sofa\",\"product_description\":[0]}]}]',50.00,'apartment',10.00,'2024-04-08 02:40:59'),('SPU001017','Example Quote 4','2024-04-20 03:10:00','Alice Johnson','5551234567','789 Oak Street, City, Country','SPU001','[{\"roomName\":\"Bedroom\",\"productList\":[{\"product_id\":9,\"product_quantity\":2,\"product_unit_price\":40,\"product_name\":\"Bed Frame\",\"product_description\":[0]}]}]',80.00,'villa',15.00,'2024-04-08 02:40:59'),('SPU001018','Example Quote 5','2024-05-15 06:30:00','Bob Williams','3339998887','101 Pine Street, City, Country','SPU001','[{\"roomName\":\"Bathroom\",\"productList\":[{\"product_id\":12,\"product_quantity\":1,\"product_unit_price\":35,\"product_name\":\"Bathroom Fixtures\",\"product_description\":[0]}]}]',35.00,'apartment',0.00,'2024-04-08 02:40:59'),('SPU001019','Example Quote 4','2024-03-24 03:58:34','Alice Johnson','5551234567','789 Oak Street, City, Country','SPU001','[{\"roomName\":\"Bedroom\",\"productList\":[{\"product_id\":9,\"product_quantity\":2,\"product_unit_price\":40,\"product_name\":\"Bed Frame\",\"product_description\":[0]}]}]',80.00,'villa',15.00,'2024-04-08 02:40:59'),('SPU001020','Lavile Condo Mr Bean v3','2024-03-30 14:02:03','Mr Bean','01110790813','Jalan Damai Perdana 1/5F, Phase 1, Kajang Municipal Council, Hulu Langat, Selangor, 56000, Malaysia','SPU001','[{\"roomName\":\"room 1\",\"productList\":[{\"product_id\":2,\"product_quantity\":1,\"product_unit_price\":23,\"product_description\":[0]}]}]',23.00,'shoplot',0.00,'2024-04-08 02:40:59'),('SPU001021','Lavile Condo Mr Bean v10','2024-03-30 14:10:13','Alice Johnson','01110790813','Jalan Damai Perdana 1/5F, Phase 1, Kajang Municipal Council, Hulu Langat, Selangor, 56000, Malaysia','SPU001','[{\"roomName\":\"room 1\",\"productList\":[{\"product_id\":4,\"product_quantity\":3,\"product_unit_price\":57.5,\"product_description\":[0]}]}]',172.50,'banglow',0.00,'2024-04-08 02:40:59'),('SPU001022','Lavile Condo Mr Bean v11','2024-03-31 08:36:25','Mr Bean','0111111111','Jalan Damai Perdana 1/5F, Phase 1, Kajang Municipal Council, Hulu Langat, Selangor, 56000, Malaysia','SPU001','[{\"roomName\":\"living room\",\"productList\":[{\"product_id\":2,\"product_quantity\":2,\"product_unit_price\":23.5,\"product_name\":\"Painting Supplies (red)\",\"product_description\":[\"0\"]},{\"product_id\":3,\"product_quantity\":1,\"product_unit_price\":5.75,\"product_description\":[\"1\"]}]},{\"roomName\":\"room 3\",\"productList\":[{\"product_id\":2,\"product_quantity\":2,\"product_unit_price\":23.5,\"product_name\":\"Painting Supplies (red)\",\"product_description\":[\"0\"]},{\"product_id\":3,\"product_quantity\":1,\"product_unit_price\":5.75,\"product_description\":[\"1\"]}]}]',105.50,'condo',100.00,'2024-04-08 02:40:59'),('SPU001023','Lavile Condo Mr Bean v12','2024-03-31 12:59:26','Mr Bean','01110790813','Bandar Damai Perdana, Kajang Municipal Council, Hulu Langat, Selangor, 56000, Malaysia','SPU001','[{\"roomName\":\"living room\",\"productList\":[{\"product_id\":2,\"product_quantity\":1,\"product_unit_price\":23,\"product_description\":[0]},{\"product_id\":3,\"product_quantity\":1,\"product_unit_price\":5.75,\"product_description\":[0,1]},{\"product_id\":4,\"product_quantity\":1,\"product_unit_price\":57.5,\"product_description\":[0]}]},{\"roomName\":\"master bedroom\",\"productList\":[{\"product_id\":2,\"product_quantity\":1,\"product_unit_price\":23,\"product_description\":[0]},{\"product_id\":3,\"product_quantity\":1,\"product_unit_price\":5.75,\"product_description\":[0,1]},{\"product_id\":4,\"product_quantity\":1,\"product_unit_price\":57.5,\"product_description\":[0]}]}]',172.50,'condo',10.00,'2024-04-08 02:40:59'),('SPU001024','Lavile Condo Mr Bean v13','2024-03-31 23:39:34','Mr Bean','01110790813','Bandar Damai Perdana, Kajang Municipal Council, Hulu Langat, Selangor, 56000, Malaysia','SPU001','[{\"roomName\":\"living room\",\"productList\":[{\"product_id\":2,\"product_quantity\":1,\"product_unit_price\":23,\"product_description\":[0]},{\"product_id\":3,\"product_quantity\":1,\"product_unit_price\":5.75,\"product_description\":[0,1]},{\"product_id\":4,\"product_quantity\":1,\"product_unit_price\":58.5,\"product_description\":[0]}]},{\"roomName\":\"master bedroom\",\"productList\":[{\"product_id\":2,\"product_quantity\":1,\"product_unit_price\":23,\"product_description\":[0]},{\"product_id\":3,\"product_quantity\":1,\"product_unit_price\":5.75,\"product_description\":[0,1]},{\"product_id\":5,\"product_quantity\":1,\"product_unit_price\":2.9,\"product_description\":[0]}]}]',118.90,'condo',10.00,'2024-04-08 02:40:59'),('SPU001025','Lavile Condo Mr Bean v15','2024-04-01 00:23:24','Mr Davis','01110790813','Pandan Perdana, Ampang, Ampang Jaya Municipal Council, Hulu Langat, 55300, Malaysia','SPU001','[{\"roomName\":\"Living room\",\"productList\":[{\"product_id\":800,\"product_quantity\":4,\"product_unit_price\":360,\"product_description\":[0]}]},{\"roomName\":\"Bed room\",\"productList\":[{\"product_id\":800,\"product_quantity\":4,\"product_unit_price\":360,\"product_description\":[0]}]}]',2880.00,'shoplot',0.00,'2024-04-08 02:40:59'),('SPU001026','Lavile Condo Mr Bean v16','2024-04-01 00:23:32','Mr Davis','01110790813','Pandan Perdana, Ampang, Ampang Jaya Municipal Council, Hulu Langat, 55300, Malaysia','SPU001','[{\"roomName\":\"Living room\",\"productList\":[{\"product_id\":800,\"product_quantity\":4,\"product_unit_price\":360,\"product_description\":[0]}]},{\"roomName\":\"Bed room\",\"productList\":[{\"product_id\":800,\"product_quantity\":6,\"product_unit_price\":360,\"product_description\":[0]}]}]',3600.00,'shoplot',0.00,'2024-04-08 02:40:59'),('SPU001027','YPC college v1','2024-04-01 01:17:18','Mr Ivan','01110790813','Wisma YPC, Jalan 13/91, Maluri, Kuala Lumpur, 51500, Malaysia','SPU001','[{\"roomName\":\"t4-3 class\",\"productList\":[{\"product_id\":2,\"product_quantity\":2,\"product_unit_price\":23.5,\"product_name\":\"Painting Supplies (blue)\",\"product_description\":[0]},{\"product_id\":3,\"product_quantity\":1,\"product_unit_price\":5.75,\"product_description\":[0,1]}]},{\"roomName\":\"t4-4 class\",\"productList\":[{\"product_id\":2,\"product_quantity\":1,\"product_unit_price\":23,\"product_description\":[0]},{\"product_id\":3,\"product_quantity\":1,\"product_unit_price\":5.75,\"product_description\":[0,1]},{\"product_id\":4,\"product_quantity\":1,\"product_unit_price\":57.5,\"product_description\":[0]}]}]',139.00,'mall',9.00,'2024-04-08 02:40:59'),('SPU001028','YPC college (finalize)','2024-04-01 01:18:08','Mr Ivan','01110790813','Wisma YPC, Jalan 13/91, Maluri, Kuala Lumpur, 51500, Malaysia','SPU001','[{\"roomName\":\"t4-3 class\",\"productList\":[{\"product_id\":3,\"product_quantity\":1,\"product_unit_price\":5.75,\"product_description\":[0,1]},{\"product_id\":801,\"product_quantity\":1,\"product_unit_price\":35,\"product_description\":[0]}]},{\"roomName\":\"t4-4 class\",\"productList\":[{\"product_id\":3,\"product_quantity\":1,\"product_unit_price\":5.75,\"product_description\":[0,1]},{\"product_id\":4,\"product_quantity\":1,\"product_unit_price\":57.5,\"product_description\":[0]},{\"product_id\":801,\"product_quantity\":1,\"product_unit_price\":35,\"product_description\":[0]}]}]',139.00,'mall',9.00,'2024-04-08 02:40:59'),('SPU001029','Project 1 v1 Mr Lee','2024-04-13 06:27:15','Lee Kai Xee','0123456789','Jalan Damai Perdana 1/5F, Phase 1, Kajang Municipal Council, Hulu Langat, Selangor, 56000, Malaysia','SPU001','[{\"roomName\":\"living room\",\"productList\":[{\"product_id\":2,\"product_quantity\":1,\"product_unit_price\":23,\"product_description\":[0]},{\"product_id\":3,\"product_quantity\":1,\"product_unit_price\":5.85,\"product_description\":[\"1\"]},{\"product_id\":4,\"product_quantity\":1,\"product_unit_price\":57.5,\"product_description\":[0]},{\"product_id\":5,\"product_quantity\":1,\"product_unit_price\":2.88,\"product_description\":[0]},{\"product_id\":6,\"product_quantity\":1,\"product_unit_price\":34.5,\"product_description\":[0,1]},{\"product_id\":8,\"product_quantity\":1,\"product_unit_price\":253,\"product_description\":[0]}]},{\"roomName\":\"main kitchen \",\"productList\":[{\"product_id\":2,\"product_quantity\":1,\"product_unit_price\":23,\"product_description\":[0]},{\"product_id\":3,\"product_quantity\":1,\"product_unit_price\":5.75,\"product_description\":[0,1]},{\"product_id\":4,\"product_quantity\":1,\"product_unit_price\":57.5,\"product_description\":[0]},{\"product_id\":5,\"product_quantity\":1,\"product_unit_price\":2.88,\"product_description\":[0]},{\"product_id\":6,\"product_quantity\":1,\"product_unit_price\":34.5,\"product_description\":[0,1]},{\"product_id\":7,\"product_quantity\":1,\"product_unit_price\":575,\"product_description\":[0]},{\"product_id\":8,\"product_quantity\":1,\"product_unit_price\":253,\"product_description\":[0]}]}]',1328.36,'terrace',17.49,'2024-04-13 06:27:15'),('SPU001030','Project 1 Mr Lee (finalize)','2024-04-13 06:27:34','Lee Kai Xee','0123456789','Jalan Damai Perdana 1/5F, Phase 1, Kajang Municipal Council, Hulu Langat, Selangor, 56000, Malaysia','SPU001','[{\"roomName\":\"living room\",\"productList\":[{\"product_id\":2,\"product_quantity\":1,\"product_unit_price\":23,\"product_description\":[0]},{\"product_id\":3,\"product_quantity\":1,\"product_unit_price\":5.85,\"product_description\":[\"1\"]},{\"product_id\":4,\"product_quantity\":1,\"product_unit_price\":57.5,\"product_description\":[0]},{\"product_id\":5,\"product_quantity\":1,\"product_unit_price\":2.88,\"product_description\":[0]},{\"product_id\":6,\"product_quantity\":1,\"product_unit_price\":34.5,\"product_description\":[0,1]},{\"product_id\":8,\"product_quantity\":1,\"product_unit_price\":253,\"product_description\":[0]}]},{\"roomName\":\"main kitchen \",\"productList\":[{\"product_id\":2,\"product_quantity\":1,\"product_unit_price\":23,\"product_description\":[0]},{\"product_id\":3,\"product_quantity\":1,\"product_unit_price\":5.75,\"product_description\":[0,1]},{\"product_id\":4,\"product_quantity\":1,\"product_unit_price\":57.5,\"product_description\":[0]},{\"product_id\":5,\"product_quantity\":1,\"product_unit_price\":2.88,\"product_description\":[0]},{\"product_id\":6,\"product_quantity\":1,\"product_unit_price\":34.5,\"product_description\":[0,1]},{\"product_id\":8,\"product_quantity\":1,\"product_unit_price\":253,\"product_description\":[0]},{\"product_id\":9,\"product_quantity\":1,\"product_unit_price\":115,\"product_description\":[0]},{\"product_id\":10,\"product_quantity\":1,\"product_unit_price\":23,\"product_description\":[0]}]}]',891.36,'terrace',0.00,'2024-04-13 06:29:17'),('SPU001031','BDP Mr Bean v1','2024-04-14 06:45:12','Mr Bean','0123456789','5, Jalan Damai Perdana 1/7b, Phase 1, Kajang Municipal Council, Hulu Langat, Selangor, 56000, Malaysia','SPU001','[{\"roomName\":\"living room\",\"productList\":[{\"product_id\":9,\"product_quantity\":1,\"product_unit_price\":115,\"product_description\":[0]},{\"product_id\":803,\"product_quantity\":1,\"product_unit_price\":23,\"product_description\":[0]}]},{\"roomName\":\"main kitchen \",\"productList\":[{\"product_id\":5,\"product_quantity\":1,\"product_unit_price\":2.88,\"product_description\":[0]},{\"product_id\":9,\"product_quantity\":1,\"product_unit_price\":115,\"product_description\":[0]},{\"product_id\":803,\"product_quantity\":1,\"product_unit_price\":23,\"product_description\":[0]}]}]',278.88,'condo',0.88,'2024-04-14 06:45:12'),('SPU001032','BDP Mr Bean v2','2024-04-14 07:15:06','Mr Bean','0123456789','5, Jalan Damai Perdana 1/7b, Phase 1, Kajang Municipal Council, Hulu Langat, Selangor, 56000, Malaysia','SPU001','[{\"roomName\":\"living room\",\"productList\":[{\"product_id\":9,\"product_quantity\":1,\"product_unit_price\":115,\"product_description\":[0]},{\"product_id\":803,\"product_quantity\":1,\"product_unit_price\":23,\"product_description\":[0]}]},{\"roomName\":\"main kitchen \",\"productList\":[{\"product_id\":5,\"product_quantity\":1,\"product_unit_price\":2.88,\"product_description\":[0]},{\"product_id\":6,\"product_quantity\":1,\"product_unit_price\":34.5,\"product_description\":[0,1]},{\"product_id\":9,\"product_quantity\":1,\"product_unit_price\":115,\"product_description\":[0]}]}]',290.38,'condo',0.88,'2024-04-14 07:15:37');
/*!40000 ALTER TABLE `quotation` ENABLE KEYS */;
UNLOCK TABLES;

--
-- Table structure for table `supplier`
--

DROP TABLE IF EXISTS `supplier`;
/*!40101 SET @saved_cs_client     = @@character_set_client */;
/*!50503 SET character_set_client = utf8mb4 */;
CREATE TABLE `supplier` (
  `supplier_id` int NOT NULL AUTO_INCREMENT,
  `supplier_cmp_name` varchar(255) NOT NULL,
  `supplier_pic` varchar(255) NOT NULL,
  `supplier_contact` varchar(14) NOT NULL,
  `supplier_category` varchar(255) NOT NULL,
  `created_at` timestamp NULL DEFAULT CURRENT_TIMESTAMP,
  `supplier_address` varchar(255) DEFAULT NULL,
  PRIMARY KEY (`supplier_id`)
) ENGINE=InnoDB AUTO_INCREMENT=82 DEFAULT CHARSET=utf8mb4 COLLATE=utf8mb4_0900_ai_ci;
/*!40101 SET character_set_client = @saved_cs_client */;

--
-- Dumping data for table `supplier`
--

LOCK TABLES `supplier` WRITE;
/*!40000 ALTER TABLE `supplier` DISABLE KEYS */;
INSERT INTO `supplier` VALUES (4,'DEF Company','Mr Bean','0123456789','[1]','2024-02-17 08:37:56','Address 1, City 3'),(5,'ABC company','John Doe','1234567890','[7,8]','2024-02-19 09:09:29','123 Main Street'),(6,'XYZ Corporation','Jane Smith','0123456789','[2]','2024-02-19 09:11:08','road 1, city 2'),(7,'Supplier 30','Madison Evans','6789012345','[3]','2024-03-23 02:57:54','Address 30'),(8,'Best Electronics Ltd.','Mr David','5555555555','[7]','2024-02-19 09:13:17','555 Pine Avenue'),(9,'Supplier 1','John Doe','1234567890','[1]','2024-03-23 02:57:54','Address 1'),(10,'Supplier 2','Jane Smith','9876543210','[2]','2024-03-23 02:57:54','Address 2'),(11,'Supplier 3','Alice Johnson','4567890123','[3]','2024-03-23 02:57:54','Address 3'),(12,'Supplier 4','Bob Williams','3210987654','[4]','2024-03-23 02:57:54','Address 4'),(13,'Supplier 5','Emily Davis','7890123456','[5]','2024-03-23 02:57:54','Address 5'),(14,'Supplier 6','Michael Wilson','2345678901','[6]','2024-03-23 02:57:54','Address 6'),(15,'Supplier 7','Jessica Brown','8901234567','[7]','2024-03-23 02:57:54','Address 7'),(16,'Supplier 8','David Miller','5678901234','[8]','2024-03-23 02:57:54','Address 8'),(17,'Supplier 9','Emma Garcia','9012345678','[9]','2024-03-23 02:57:54','Address 9'),(18,'Supplier 10','James Martinez','6789012345','[1]','2024-03-23 02:57:54','Address 10'),(19,'Supplier 11','Olivia Robinson','0123456789','[2]','2024-03-23 02:57:54','Address 11'),(20,'Supplier 12','William Clark','3456789012','[3]','2024-03-23 02:57:54','Address 12'),(21,'Supplier 13','Sophia Rodriguez','8901234567','[4]','2024-03-23 02:57:54','Address 13'),(22,'Supplier 14','Daniel Lewis','1234567890','[5]','2024-03-23 02:57:54','Address 14'),(24,'Supplier 16','Logan Walker','7890123456','[7]','2024-03-23 02:57:54','Address 16'),(25,'Supplier 17','Mia Hall','2345678901','[8]','2024-03-23 02:57:54','Address 17'),(26,'Supplier 18','Ethan Young','5678901234','[9]','2024-03-23 02:57:54','Address 18'),(27,'Supplier 19','Isabella Allen','9012345678','[1]','2024-03-23 02:57:54','Address 19'),(28,'Supplier 20','Alexander Hill','6789012345','[2]','2024-03-23 02:57:54','Address 20'),(29,'Supplier 21','Charlotte King','0123456789','[3]','2024-03-23 02:57:54','Address 21'),(30,'Supplier 22','Jacob Scott','3456789012','[4]','2024-03-23 02:57:54','Address 22'),(32,'Supplier 24','Benjamin Adams','1234567890','[6]','2024-03-23 02:57:54','Address 24'),(33,'Supplier 25','Evelyn Baker','4567890123','[7]','2024-03-23 02:57:54','Address 25'),(34,'Supplier 26','Christopher Gonzalez','7890123456','[8]','2024-03-23 02:57:54','Address 26'),(35,'Supplier 27','Zoe Nelson','2345678901','[9]','2024-03-23 02:57:54','Address 27'),(36,'Supplier 28','Liam Carter','5678901234','[1]','2024-03-23 02:57:54','Address 28'),(37,'Supplier 29','Addison Rivera','9012345678','[2]','2024-03-23 02:57:54','Address 29'),(69,'Supplier 31','Doe','01110790813','[3]','2024-03-30 06:52:45','555 Pine Avenue'),(70,'Supplier 33','Mr David','1234567890','[1,2]','2024-03-30 07:05:05','555 Pine Avenue'),(74,'ABCD company','Mr Bean','5555555555','[\"2\"]','2024-03-31 14:42:57','Address 1, City 2'),(75,'EFG Comp','Mike Robinson','0391078619','[\"1\"]','2024-03-31 23:15:20','Address 2, State 1'),(76,'MC Mozaic supplier ','Ms Caren','0123456789','[\"4\"]','2024-03-31 23:57:50','Address 1, City 2'),(77,'DEG supplier','Mr James','1234567890','[\"1\"]','2024-04-01 00:20:28','Address 1, City 2'),(78,'BEM hardware company','Dr Javad','0123456789','[5]','2024-04-01 01:13:42','Address 1, City 2'),(79,'DEFG Company','Mr Bean','01110790813','[\"1\",\"2\"]','2024-04-13 06:20:12','Address 1, City 2'),(81,'ABCD supplier','Mr James','01110790813','[\"2\"]','2024-04-14 06:41:58','555 Pine Avenue');
/*!40000 ALTER TABLE `supplier` ENABLE KEYS */;
UNLOCK TABLES;

--
-- Table structure for table `user`
--

DROP TABLE IF EXISTS `user`;
/*!40101 SET @saved_cs_client     = @@character_set_client */;
/*!50503 SET character_set_client = utf8mb4 */;
CREATE TABLE `user` (
  `user_id` varchar(255) NOT NULL,
  `user_email` varchar(255) NOT NULL,
  `user_password` longtext NOT NULL,
  `user_contact` varchar(14) NOT NULL,
  `user_name` varchar(255) NOT NULL,
  `user_authority` int NOT NULL,
  `user_created_at` timestamp NOT NULL DEFAULT CURRENT_TIMESTAMP,
  `user_last_edit` timestamp NOT NULL DEFAULT CURRENT_TIMESTAMP ON UPDATE CURRENT_TIMESTAMP,
  PRIMARY KEY (`user_id`),
  UNIQUE KEY `user_email` (`user_email`),
  KEY `user_position` (`user_authority`),
  CONSTRAINT `user_ibfk_1` FOREIGN KEY (`user_authority`) REFERENCES `position` (`pos_id`)
) ENGINE=InnoDB DEFAULT CHARSET=utf8mb4 COLLATE=utf8mb4_0900_ai_ci;
/*!40101 SET character_set_client = @saved_cs_client */;

--
-- Dumping data for table `user`
--

LOCK TABLES `user` WRITE;
/*!40000 ALTER TABLE `user` DISABLE KEYS */;
INSERT INTO `user` VALUES ('MNG001','zehung.k@ypccollege.edu.my','$2b$16$t3E0.Yps33B8EAUxagKISurQL4LoVYMb5ANG.TAFpzlIGrr/IaYCS','01110740821','Zehung',3,'2024-03-18 00:07:10','2024-03-18 00:20:07'),('SPU001','khorzehung@gmail.com','$2b$16$t3E0.Yps33B8EAUxagKISurQL4LoVYMb5ANG.TAFpzlIGrr/IaYCS','01110790813','zehung',1,'2024-02-06 00:08:42','2024-04-09 04:17:21');
/*!40000 ALTER TABLE `user` ENABLE KEYS */;
UNLOCK TABLES;
/*!40103 SET TIME_ZONE=@OLD_TIME_ZONE */;

/*!40101 SET SQL_MODE=@OLD_SQL_MODE */;
/*!40014 SET FOREIGN_KEY_CHECKS=@OLD_FOREIGN_KEY_CHECKS */;
/*!40014 SET UNIQUE_CHECKS=@OLD_UNIQUE_CHECKS */;
/*!40101 SET CHARACTER_SET_CLIENT=@OLD_CHARACTER_SET_CLIENT */;
/*!40101 SET CHARACTER_SET_RESULTS=@OLD_CHARACTER_SET_RESULTS */;
/*!40101 SET COLLATION_CONNECTION=@OLD_COLLATION_CONNECTION */;
/*!40111 SET SQL_NOTES=@OLD_SQL_NOTES */;

-- Dump completed on 2024-04-15 11:58:49
